{
    "__class__": "MachineIPMSM",
    "desc": "TOYOTA Prius 2004 interior magnet (V shape) with distributed winding",
    "frame": null,
    "logger_name": "Pyleecan.Machine",
    "name": "IPMSM_A",
    "rotor": {
        "Kf1": 0.95,
        "L1": 0.08382,
        "Nrvd": 0,
        "Rext": 0.0802,
        "Rint": 0.05532,
        "Wrvd": 0,
        "__class__": "LamHole",
        "axial_vent": [],
        "bore": null,
        "hole": [
            {
                "H0": 0.01096,
                "H1": 0.0015,
                "H2": 0.001,
                "H3": 0.0065,
                "H4": 0,
                "W0": 0.042,
                "W1": 0,
                "W2": 0,
                "W3": 0.014,
                "W4": 0.0189,
                "Zh": 8,
                "__class__": "HoleM50",
                "magnet_0": {
                    "Lmag": 0.08382,
                    "__class__": "Magnet",
                    "mat_type": {
                        "HT": {
                            "Cp": 450.0,
                            "__class__": "MatHT",
                            "alpha": null,
                            "lambda_x": 8.5,
                            "lambda_y": 8.5,
                            "lambda_z": 8.5
                        },
                        "__class__": "Material",
                        "desc": "MAGNET1 for SIPMSM",
                        "eco": {
                            "__class__": "MatEconomical",
                            "cost_unit": 252.0,
                            "unit_name": "$"
                        },
                        "elec": {
                            "__class__": "MatElectrical",
                            "alpha": 1,
                            "epsr": null,
                            "rho": 1.6e-06
                        },
                        "is_isotropic": true,
                        "mag": {
                            "BH_curve": {
                                "__class__": "ImportMatrix",
                                "is_transpose": false
                            },
                            "Brm20": 1.24,
                            "Hc": 902181.163126629,
                            "Wlam": 0,
                            "__class__": "MatMagnetics",
                            "alpha_Br": -0.001,
                            "mur_lin": 1.05
                        },
                        "name": "MagnetPrius",
                        "path": "MagnetPrius.json",
                        "struct": {
                            "Ex": null,
                            "Ey": null,
                            "Ez": null,
                            "Gxy": null,
                            "Gxz": null,
                            "Gyz": null,
                            "__class__": "MatStructural",
                            "nu_xy": null,
                            "nu_xz": null,
                            "nu_yz": null,
                            "rho": 7500.0
                        }
                    },
                    "type_magnetization": 1
                },
                "magnet_1": {
                    "Lmag": 0.08382,
                    "__class__": "Magnet",
                    "mat_type": {
                        "HT": {
                            "Cp": 450.0,
                            "__class__": "MatHT",
                            "alpha": null,
                            "lambda_x": 8.5,
                            "lambda_y": 8.5,
                            "lambda_z": 8.5
                        },
                        "__class__": "Material",
                        "desc": "MAGNET1 for SIPMSM",
                        "eco": {
                            "__class__": "MatEconomical",
                            "cost_unit": 252.0,
                            "unit_name": "$"
                        },
                        "elec": {
                            "__class__": "MatElectrical",
                            "alpha": 1,
                            "epsr": null,
                            "rho": 1.6e-06
                        },
                        "is_isotropic": true,
                        "mag": {
                            "BH_curve": {
                                "__class__": "ImportMatrix",
                                "is_transpose": false
                            },
                            "Brm20": 1.24,
                            "Hc": 902181.163126629,
                            "Wlam": 0,
                            "__class__": "MatMagnetics",
                            "alpha_Br": -0.001,
                            "mur_lin": 1.05
                        },
                        "name": "MagnetPrius",
                        "path": "MagnetPrius.json",
                        "struct": {
                            "Ex": null,
                            "Ey": null,
                            "Ez": null,
                            "Gxy": null,
                            "Gxz": null,
                            "Gyz": null,
                            "__class__": "MatStructural",
                            "nu_xy": null,
                            "nu_xz": null,
                            "nu_yz": null,
                            "rho": 7500.0
                        }
                    },
                    "type_magnetization": 1
                },
                "mat_void": {
                    "HT": {
                        "Cp": 1007,
                        "__class__": "MatHT",
                        "alpha": 0.00343,
                        "lambda_x": 0.0257,
                        "lambda_y": 0.0257,
                        "lambda_z": 0.0257
                    },
                    "__class__": "Material",
                    "desc": "Air",
                    "eco": {
                        "__class__": "MatEconomical",
                        "cost_unit": 0.127,
                        "unit_name": "$"
                    },
                    "elec": {
                        "__class__": "MatElectrical",
                        "alpha": 1,
                        "epsr": 1,
                        "rho": 1
                    },
                    "is_isotropic": true,
                    "mag": {
                        "BH_curve": {
                            "__class__": "ImportMatrix",
                            "is_transpose": false
                        },
                        "Brm20": 0,
                        "Hc": 0,
                        "Wlam": 0,
                        "__class__": "MatMagnetics",
                        "alpha_Br": 0,
                        "mur_lin": 1
                    },
                    "name": "Air",
                    "path": "",
                    "struct": {
                        "Ex": 215000000000.0,
                        "Ey": 215000000000.0,
                        "Ez": 80000000000,
                        "Gxy": 0,
                        "Gxz": 2000000000,
                        "Gyz": 2000000000,
                        "__class__": "MatStructural",
                        "nu_xy": 0.3,
                        "nu_xz": 0.03,
                        "nu_yz": 0.03,
                        "rho": 1.2044
                    }
                }
            }
        ],
        "is_internal": true,
        "is_stator": false,
        "mat_type": {
            "HT": {
                "Cp": 1,
                "__class__": "MatHT",
                "alpha": 0.00393,
                "lambda_x": 1,
                "lambda_y": 1,
                "lambda_z": 1
            },
            "__class__": "Material",
            "desc": "Lamination M400-50A",
            "eco": {
                "__class__": "MatEconomical",
                "cost_unit": 0.127,
                "unit_name": "$"
            },
            "elec": {
                "__class__": "MatElectrical",
                "alpha": 1,
                "epsr": 1,
                "rho": 1
            },
            "is_isotropic": false,
            "mag": {
                "BH_curve": {
                    "__class__": "ImportMatrixVal",
                    "is_transpose": false,
                    "value": [
                        [
                            0.0,
                            0.0
                        ],
                        [
                            100.0,
                            0.5
                        ],
                        [
                            150.0,
                            0.7
                        ],
                        [
                            180.0,
                            0.8
                        ],
                        [
                            200.0,
                            0.9
                        ],
                        [
                            250.0,
                            1.0
                        ],
                        [
                            300.0,
                            1.05
                        ],
                        [
                            350.0,
                            1.1
                        ],
                        [
                            450.0,
                            1.15
                        ],
                        [
                            550.0,
                            1.2
                        ],
                        [
                            650.0,
                            1.225
                        ],
                        [
                            750.0,
                            1.25
                        ],
                        [
                            850.0,
                            1.275
                        ],
                        [
                            950.0,
                            1.3
                        ],
                        [
                            1100.0,
                            1.325
                        ],
                        [
                            1250.0,
                            1.35
                        ],
                        [
                            1400.0,
                            1.375
                        ],
                        [
                            1550.0,
                            1.4
                        ],
                        [
                            1700.0,
                            1.425
                        ],
                        [
                            1900.0,
                            1.45
                        ],
                        [
                            2150.0,
                            1.475
                        ],
                        [
                            2450.0,
                            1.5
                        ],
                        [
                            2750.0,
                            1.525
                        ],
                        [
                            3150.0,
                            1.55
                        ],
                        [
                            3600.0,
                            1.575
                        ],
                        [
                            4100.0,
                            1.6
                        ],
                        [
                            4700.0,
                            1.625
                        ],
                        [
                            5250.0,
                            1.65
                        ],
                        [
                            6000.0,
                            1.675
                        ],
                        [
                            6700.0,
                            1.7
                        ],
                        [
                            7500.0,
                            1.725
                        ],
                        [
                            8650.0,
                            1.75
                        ],
                        [
                            9500.0,
                            1.775
                        ],
                        [
                            10750.0,
                            1.8
                        ],
                        [
                            14500.0,
                            1.85
                        ],
                        [
                            19500.0,
                            1.9
                        ],
                        [
                            25000.0,
                            1.95
                        ],
                        [
                            33000.0,
                            2.0
                        ],
                        [
                            44000.0,
                            2.05
                        ],
                        [
                            57000.0,
                            2.1
                        ],
                        [
                            74000.0,
                            2.15
                        ],
                        [
                            96000.0,
                            2.2
                        ],
                        [
                            130000.0,
                            2.25
                        ],
                        [
                            170000.0,
                            2.3
                        ],
                        [
                            235000.0,
                            2.35
                        ],
                        [
                            274000.0,
                            2.4
                        ],
                        [
                            370000.0,
                            2.5
                        ],
                        [
                            475000.0,
                            2.6
                        ],
                        [
                            570000.0,
                            2.7
                        ],
                        [
                            665000.0,
                            2.8
                        ]
                    ]
                },
                "Brm20": 0,
                "Hc": 0,
                "Wlam": 0.0005,
                "__class__": "MatMagnetics",
                "alpha_Br": 0,
                "mur_lin": 2500.0
            },
            "name": "M400-50A",
            "path": "M400-50A.json",
            "struct": {
                "Ex": 215000000000.0,
                "Ey": 215000000000.0,
                "Ez": 80000000000.0,
                "Gxy": 0.0,
                "Gxz": 2000000000.0,
                "Gyz": 2000000000.0,
                "__class__": "MatStructural",
                "nu_xy": 0.3,
                "nu_xz": 0.03,
                "nu_yz": 0.03,
                "rho": 7650.0
            }
        },
        "notch": []
    },
    "shaft": {
        "Drsh": 0.11064,
        "Lshaft": 0.1,
        "__class__": "Shaft",
        "mat_type": {
            "HT": {
                "Cp": 1,
                "__class__": "MatHT",
                "alpha": 0.00393,
                "lambda_x": 1,
                "lambda_y": 1,
                "lambda_z": 1
            },
            "__class__": "Material",
            "desc": "Material description",
            "eco": {
                "__class__": "MatEconomical",
                "cost_unit": 0.127,
                "unit_name": "$"
            },
            "elec": {
                "__class__": "MatElectrical",
                "alpha": 1,
                "epsr": 1,
                "rho": 1
            },
            "is_isotropic": false,
            "mag": {
                "BH_curve": {
                    "__class__": "ImportMatrix",
                    "is_transpose": false
                },
                "Brm20": 0,
                "Hc": 0,
                "Wlam": 0,
                "__class__": "MatMagnetics",
                "alpha_Br": 0,
                "mur_lin": 1
            },
            "name": "Material",
            "path": "",
            "struct": {
                "Ex": 215000000000.0,
                "Ey": 215000000000.0,
                "Ez": 80000000000,
                "Gxy": 0,
                "Gxz": 2000000000,
                "Gyz": 2000000000,
                "__class__": "MatStructural",
                "nu_xy": 0.3,
                "nu_xz": 0.03,
                "nu_yz": 0.03,
                "rho": 7650
            }
        }
    },
    "stator": {
        "Kf1": 0.95,
        "Ksfill": null,
        "L1": 0.08382,
        "Nrvd": 0,
        "Rext": 0.13462,
        "Rint": 0.08095,
        "Wrvd": 0,
        "__class__": "LamSlotWind",
        "axial_vent": [],
        "is_internal": false,
        "is_stator": true,
        "mat_type": {
            "HT": {
                "Cp": 1,
                "__class__": "MatHT",
                "alpha": 0.00393,
                "lambda_x": 1,
                "lambda_y": 1,
                "lambda_z": 1
            },
            "__class__": "Material",
            "desc": "Lamination M400-50A",
            "eco": {
                "__class__": "MatEconomical",
                "cost_unit": 0.127,
                "unit_name": "$"
            },
            "elec": {
                "__class__": "MatElectrical",
                "alpha": 1,
                "epsr": 1,
                "rho": 1
            },
            "is_isotropic": false,
            "mag": {
                "BH_curve": {
                    "__class__": "ImportMatrixVal",
                    "is_transpose": false,
                    "value": [
                        [
                            0.0,
                            0.0
                        ],
                        [
                            100.0,
                            0.5
                        ],
                        [
                            150.0,
                            0.7
                        ],
                        [
                            180.0,
                            0.8
                        ],
                        [
                            200.0,
                            0.9
                        ],
                        [
                            250.0,
                            1.0
                        ],
                        [
                            300.0,
                            1.05
                        ],
                        [
                            350.0,
                            1.1
                        ],
                        [
                            450.0,
                            1.15
                        ],
                        [
                            550.0,
                            1.2
                        ],
                        [
                            650.0,
                            1.225
                        ],
                        [
                            750.0,
                            1.25
                        ],
                        [
                            850.0,
                            1.275
                        ],
                        [
                            950.0,
                            1.3
                        ],
                        [
                            1100.0,
                            1.325
                        ],
                        [
                            1250.0,
                            1.35
                        ],
                        [
                            1400.0,
                            1.375
                        ],
                        [
                            1550.0,
                            1.4
                        ],
                        [
                            1700.0,
                            1.425
                        ],
                        [
                            1900.0,
                            1.45
                        ],
                        [
                            2150.0,
                            1.475
                        ],
                        [
                            2450.0,
                            1.5
                        ],
                        [
                            2750.0,
                            1.525
                        ],
                        [
                            3150.0,
                            1.55
                        ],
                        [
                            3600.0,
                            1.575
                        ],
                        [
                            4100.0,
                            1.6
                        ],
                        [
                            4700.0,
                            1.625
                        ],
                        [
                            5250.0,
                            1.65
                        ],
                        [
                            6000.0,
                            1.675
                        ],
                        [
                            6700.0,
                            1.7
                        ],
                        [
                            7500.0,
                            1.725
                        ],
                        [
                            8650.0,
                            1.75
                        ],
                        [
                            9500.0,
                            1.775
                        ],
                        [
                            10750.0,
                            1.8
                        ],
                        [
                            14500.0,
                            1.85
                        ],
                        [
                            19500.0,
                            1.9
                        ],
                        [
                            25000.0,
                            1.95
                        ],
                        [
                            33000.0,
                            2.0
                        ],
                        [
                            44000.0,
                            2.05
                        ],
                        [
                            57000.0,
                            2.1
                        ],
                        [
                            74000.0,
                            2.15
                        ],
                        [
                            96000.0,
                            2.2
                        ],
                        [
                            130000.0,
                            2.25
                        ],
                        [
                            170000.0,
                            2.3
                        ],
                        [
                            235000.0,
                            2.35
                        ],
                        [
                            274000.0,
                            2.4
                        ],
                        [
                            370000.0,
                            2.5
                        ],
                        [
                            475000.0,
                            2.6
                        ],
                        [
                            570000.0,
                            2.7
                        ],
                        [
                            665000.0,
                            2.8
                        ]
                    ]
                },
                "Brm20": 0,
                "Hc": 0,
                "Wlam": 0.0005,
                "__class__": "MatMagnetics",
                "alpha_Br": 0,
                "mur_lin": 2500.0
            },
            "name": "M400-50A",
            "path": "M400-50A.json",
            "struct": {
                "Ex": 215000000000.0,
                "Ey": 215000000000.0,
                "Ez": 80000000000.0,
                "Gxy": 0.0,
                "Gxz": 2000000000.0,
                "Gyz": 2000000000.0,
                "__class__": "MatStructural",
                "nu_xy": 0.3,
                "nu_xz": 0.03,
                "nu_yz": 0.03,
                "rho": 7650.0
            }
        },
        "notch": [],
        "slot": {
            "H0": 0.001,
            "H1": 0,
            "H1_is_rad": false,
            "H2": 0.0333,
            "R1": 0.004,
            "W0": 0.00193,
            "W1": 0.005,
            "W2": 0.008,
            "Zs": 48,
            "__class__": "SlotW11"
        },
        "winding": {
            "Lewout": 0.019366,
            "Npcpp": 1,
            "Nslot_shift_wind": 2,
            "Ntcoil": 9,
            "__class__": "WindingDW1L",
            "coil_pitch": 5,
            "conductor": {
                "Kwoh": 0.5,
                "Nwppc": 13,
                "Wins_cond": 0.015,
                "Wins_wire": 1e-06,
                "Wwire": 0.000912,
                "__class__": "CondType12",
                "cond_mat": {
                    "HT": {
                        "Cp": 381.0,
                        "__class__": "MatHT",
                        "alpha": 0.00393,
                        "lambda_x": 385.0,
                        "lambda_y": 385.0,
                        "lambda_z": 385.0
                    },
                    "__class__": "Material",
                    "desc": "COPPER WINDING",
                    "eco": {
                        "__class__": "MatEconomical",
                        "cost_unit": 60.0,
                        "unit_name": "$"
                    },
                    "elec": {
                        "__class__": "MatElectrical",
                        "alpha": 1,
                        "epsr": null,
                        "rho": 1.73e-08
                    },
                    "is_isotropic": true,
                    "mag": null,
                    "name": "Copper1",
                    "path": "Copper1.json",
                    "struct": {
                        "Ex": 115000000000.0,
                        "Ey": 115000000000.0,
                        "Ez": 115000000000.0,
                        "Gxy": null,
                        "Gxz": null,
                        "Gyz": null,
                        "__class__": "MatStructural",
                        "nu_xy": null,
                        "nu_xz": null,
                        "nu_yz": null,
                        "rho": 8900.0
                    }
                },
                "ins_mat": {
                    "HT": {
                        "Cp": 671.0,
                        "__class__": "MatHT",
                        "alpha": null,
                        "lambda_x": 0.2,
                        "lambda_y": 0.2,
                        "lambda_z": 0.2
                    },
                    "__class__": "Material",
                    "desc": "INSULATOR1",
                    "eco": {
                        "__class__": "MatEconomical",
                        "cost_unit": null,
                        "unit_name": "$"
                    },
                    "elec": {
                        "__class__": "MatElectrical",
                        "alpha": 1,
                        "epsr": null,
                        "rho": null
                    },
                    "is_isotropic": true,
                    "mag": null,
                    "name": "Insulator1",
                    "path": "Insulator1.json",
                    "struct": {
                        "Ex": null,
                        "Ey": null,
                        "Ez": null,
                        "Gxy": null,
                        "Gxz": null,
                        "Gyz": null,
                        "__class__": "MatStructural",
                        "nu_xy": null,
                        "nu_xz": null,
                        "nu_yz": null,
                        "rho": 1200.0
                    }
                }
            },
            "is_reverse_wind": true,
            "p": 4,
            "qs": 3,
            "type_connection": 0
        }
    },
    "type_machine": 1
}