{
    "__class__": "MachineSCIM",
    "desc": "",
    "frame": null,
    "logger_name": "Pyleecan.Machine",
    "name": "SCIM_001",
    "rotor": {
        "Hscr": 0.02,
        "Kf1": 0.95,
        "Ksfill": null,
        "L1": 0.35,
        "Lscr": 0.015,
        "Nrvd": 0,
        "Rext": 0.131,
        "Rint": 0.045,
        "Wrvd": 0,
        "__class__": "LamSquirrelCage",
        "axial_vent": [
            {
                "Alpha0": 0,
                "D0": 0.02,
                "H0": 0.07,
                "Zh": 8,
                "__class__": "VentilationCirc",
                "mat_void": {
                    "HT": {
                        "Cp": 1,
                        "__class__": "MatHT",
                        "alpha": 0.00393,
                        "lambda_x": 1,
                        "lambda_y": 1,
                        "lambda_z": 1
                    },
                    "__class__": "Material",
                    "desc": "Material description",
                    "eco": {
                        "__class__": "MatEconomical",
                        "cost_unit": 0.127,
                        "unit_name": "$"
                    },
                    "elec": {
                        "__class__": "MatElectrical",
                        "alpha": 1,
                        "epsr": 1,
                        "rho": 1
                    },
                    "is_isotropic": false,
                    "mag": {
                        "BH_curve": {
                            "__class__": "ImportMatrix",
                            "is_transpose": false
                        },
                        "Brm20": 0,
                        "Hc": 0,
                        "Wlam": 0,
                        "__class__": "MatMagnetics",
                        "alpha_Br": 0,
                        "mur_lin": 1
                    },
                    "name": "Material",
                    "path": "",
                    "struct": {
                        "Ex": 215000000000.0,
                        "Ey": 215000000000.0,
                        "Ez": 80000000000,
                        "Gxy": 0,
                        "Gxz": 2000000000,
                        "Gyz": 2000000000,
                        "__class__": "MatStructural",
                        "nu_xy": 0.3,
                        "nu_xz": 0.03,
                        "nu_yz": 0.03,
                        "rho": 7650
                    }
                }
            }
        ],
        "is_internal": true,
        "is_stator": false,
        "mat_type": {
            "HT": {
                "Cp": 1,
                "__class__": "MatHT",
                "alpha": 0.00393,
                "lambda_x": 1,
                "lambda_y": 1,
                "lambda_z": 1
            },
            "__class__": "Material",
            "desc": "Lamination M400-50A",
            "eco": {
                "__class__": "MatEconomical",
                "cost_unit": 0.127,
                "unit_name": "$"
            },
            "elec": {
                "__class__": "MatElectrical",
                "alpha": 1,
                "epsr": 1,
                "rho": 1
            },
            "is_isotropic": false,
            "mag": {
                "BH_curve": {
                    "__class__": "ImportMatrixVal",
                    "is_transpose": false,
                    "value": [
                        [
                            0.0,
                            0.0
                        ],
                        [
                            100.0,
                            0.5
                        ],
                        [
                            150.0,
                            0.7
                        ],
                        [
                            180.0,
                            0.8
                        ],
                        [
                            200.0,
                            0.9
                        ],
                        [
                            250.0,
                            1.0
                        ],
                        [
                            300.0,
                            1.05
                        ],
                        [
                            350.0,
                            1.1
                        ],
                        [
                            450.0,
                            1.15
                        ],
                        [
                            550.0,
                            1.2
                        ],
                        [
                            650.0,
                            1.225
                        ],
                        [
                            750.0,
                            1.25
                        ],
                        [
                            850.0,
                            1.275
                        ],
                        [
                            950.0,
                            1.3
                        ],
                        [
                            1100.0,
                            1.325
                        ],
                        [
                            1250.0,
                            1.35
                        ],
                        [
                            1400.0,
                            1.375
                        ],
                        [
                            1550.0,
                            1.4
                        ],
                        [
                            1700.0,
                            1.425
                        ],
                        [
                            1900.0,
                            1.45
                        ],
                        [
                            2150.0,
                            1.475
                        ],
                        [
                            2450.0,
                            1.5
                        ],
                        [
                            2750.0,
                            1.525
                        ],
                        [
                            3150.0,
                            1.55
                        ],
                        [
                            3600.0,
                            1.575
                        ],
                        [
                            4100.0,
                            1.6
                        ],
                        [
                            4700.0,
                            1.625
                        ],
                        [
                            5250.0,
                            1.65
                        ],
                        [
                            6000.0,
                            1.675
                        ],
                        [
                            6700.0,
                            1.7
                        ],
                        [
                            7500.0,
                            1.725
                        ],
                        [
                            8650.0,
                            1.75
                        ],
                        [
                            9500.0,
                            1.775
                        ],
                        [
                            10750.0,
                            1.8
                        ],
                        [
                            14500.0,
                            1.85
                        ],
                        [
                            19500.0,
                            1.9
                        ],
                        [
                            25000.0,
                            1.95
                        ],
                        [
                            33000.0,
                            2.0
                        ],
                        [
                            44000.0,
                            2.05
                        ],
                        [
                            57000.0,
                            2.1
                        ],
                        [
                            74000.0,
                            2.15
                        ],
                        [
                            96000.0,
                            2.2
                        ],
                        [
                            130000.0,
                            2.25
                        ],
                        [
                            170000.0,
                            2.3
                        ],
                        [
                            235000.0,
                            2.35
                        ],
                        [
                            274000.0,
                            2.4
                        ],
                        [
                            370000.0,
                            2.5
                        ],
                        [
                            475000.0,
                            2.6
                        ],
                        [
                            570000.0,
                            2.7
                        ],
                        [
                            665000.0,
                            2.8
                        ]
                    ]
                },
                "Brm20": 0,
                "Hc": 0,
                "Wlam": 0.0005,
                "__class__": "MatMagnetics",
                "alpha_Br": 0,
                "mur_lin": 2500.0
            },
            "name": "M400-50A",
            "path": "M400-50A.json",
            "struct": {
                "Ex": 215000000000.0,
                "Ey": 215000000000.0,
                "Ez": 80000000000.0,
                "Gxy": 0.0,
                "Gxz": 2000000000.0,
                "Gyz": 2000000000.0,
                "__class__": "MatStructural",
                "nu_xy": 0.3,
                "nu_xz": 0.03,
                "nu_yz": 0.03,
                "rho": 7650.0
            }
        },
        "notch": [],
        "ring_mat": {
            "HT": {
                "Cp": 381.0,
                "__class__": "MatHT",
                "alpha": 0.00393,
                "lambda_x": 385.0,
                "lambda_y": 385.0,
                "lambda_z": 385.0
            },
            "__class__": "Material",
            "desc": "COPPER WINDING",
            "eco": {
                "__class__": "MatEconomical",
                "cost_unit": 60.0,
                "unit_name": "$"
            },
            "elec": {
                "__class__": "MatElectrical",
                "alpha": 1,
                "epsr": null,
                "rho": 1.73e-08
            },
            "is_isotropic": true,
            "mag": null,
            "name": "Copper1",
            "path": "Copper1.json",
            "struct": {
                "Ex": 115000000000.0,
                "Ey": 115000000000.0,
                "Ez": 115000000000.0,
                "Gxy": null,
                "Gxz": null,
                "Gyz": null,
                "__class__": "MatStructural",
                "nu_xy": null,
                "nu_xz": null,
                "nu_yz": null,
                "rho": 8900.0
            }
        },
        "slot": {
            "H0": 0.003,
            "H1": 0,
            "H1_is_rad": false,
            "H2": 0.02,
            "W0": 0.003,
            "W1": 0.013,
            "W2": 0.01,
            "Zs": 28,
            "__class__": "SlotW21"
        },
        "winding": {
            "Lewout": 0.017,
            "Npcpp": 1,
            "Nslot_shift_wind": 0,
            "Ntcoil": 1,
            "__class__": "WindingSC",
            "conductor": {
                "Hbar": 0.02,
                "Wbar": 0.01,
                "Wins": 0,
                "__class__": "CondType21",
                "cond_mat": {
                    "HT": {
                        "Cp": 381.0,
                        "__class__": "MatHT",
                        "alpha": 0.00393,
                        "lambda_x": 385.0,
                        "lambda_y": 385.0,
                        "lambda_z": 385.0
                    },
                    "__class__": "Material",
                    "desc": "COPPER WINDING",
                    "eco": {
                        "__class__": "MatEconomical",
                        "cost_unit": 60.0,
                        "unit_name": "$"
                    },
                    "elec": {
                        "__class__": "MatElectrical",
                        "alpha": 1,
                        "epsr": null,
                        "rho": 1.73e-08
                    },
                    "is_isotropic": true,
                    "mag": null,
                    "name": "Copper1",
                    "path": "Copper1.json",
                    "struct": {
                        "Ex": 115000000000.0,
                        "Ey": 115000000000.0,
                        "Ez": 115000000000.0,
                        "Gxy": null,
                        "Gxz": null,
                        "Gyz": null,
                        "__class__": "MatStructural",
                        "nu_xy": null,
                        "nu_xz": null,
                        "nu_yz": null,
                        "rho": 8900.0
                    }
                },
                "ins_mat": {
                    "HT": {
                        "Cp": 1,
                        "__class__": "MatHT",
                        "alpha": 0.00393,
                        "lambda_x": 1,
                        "lambda_y": 1,
                        "lambda_z": 1
                    },
                    "__class__": "Material",
                    "desc": "Material description",
                    "eco": {
                        "__class__": "MatEconomical",
                        "cost_unit": 0.127,
                        "unit_name": "$"
                    },
                    "elec": {
                        "__class__": "MatElectrical",
                        "alpha": 1,
                        "epsr": 1,
                        "rho": 1
                    },
                    "is_isotropic": false,
                    "mag": {
                        "BH_curve": {
                            "__class__": "ImportMatrix",
                            "is_transpose": false
                        },
                        "Brm20": 0,
                        "Hc": 0,
                        "Wlam": 0,
                        "__class__": "MatMagnetics",
                        "alpha_Br": 0,
                        "mur_lin": 1
                    },
                    "name": "Material",
                    "path": "",
                    "struct": {
                        "Ex": 215000000000.0,
                        "Ey": 215000000000.0,
                        "Ez": 80000000000,
                        "Gxy": 0,
                        "Gxz": 2000000000,
                        "Gyz": 2000000000,
                        "__class__": "MatStructural",
                        "nu_xy": 0.3,
                        "nu_xz": 0.03,
                        "nu_yz": 0.03,
                        "rho": 7650
                    }
                }
            },
            "is_reverse_wind": false,
            "p": 3,
            "qs": 28,
            "type_connection": 0
        }
    },
    "shaft": {
        "Drsh": 0.09,
        "Lshaft": 0.442,
        "__class__": "Shaft",
        "mat_type": {
            "HT": {
                "Cp": 1,
                "__class__": "MatHT",
                "alpha": 0.00393,
                "lambda_x": 1,
                "lambda_y": 1,
                "lambda_z": 1
            },
            "__class__": "Material",
            "desc": "Lamination M400-50A",
            "eco": {
                "__class__": "MatEconomical",
                "cost_unit": 0.127,
                "unit_name": "$"
            },
            "elec": {
                "__class__": "MatElectrical",
                "alpha": 1,
                "epsr": 1,
                "rho": 1
            },
            "is_isotropic": false,
            "mag": {
                "BH_curve": {
                    "__class__": "ImportMatrixVal",
                    "is_transpose": false,
                    "value": [
                        [
                            0.0,
                            0.0
                        ],
                        [
                            100.0,
                            0.5
                        ],
                        [
                            150.0,
                            0.7
                        ],
                        [
                            180.0,
                            0.8
                        ],
                        [
                            200.0,
                            0.9
                        ],
                        [
                            250.0,
                            1.0
                        ],
                        [
                            300.0,
                            1.05
                        ],
                        [
                            350.0,
                            1.1
                        ],
                        [
                            450.0,
                            1.15
                        ],
                        [
                            550.0,
                            1.2
                        ],
                        [
                            650.0,
                            1.225
                        ],
                        [
                            750.0,
                            1.25
                        ],
                        [
                            850.0,
                            1.275
                        ],
                        [
                            950.0,
                            1.3
                        ],
                        [
                            1100.0,
                            1.325
                        ],
                        [
                            1250.0,
                            1.35
                        ],
                        [
                            1400.0,
                            1.375
                        ],
                        [
                            1550.0,
                            1.4
                        ],
                        [
                            1700.0,
                            1.425
                        ],
                        [
                            1900.0,
                            1.45
                        ],
                        [
                            2150.0,
                            1.475
                        ],
                        [
                            2450.0,
                            1.5
                        ],
                        [
                            2750.0,
                            1.525
                        ],
                        [
                            3150.0,
                            1.55
                        ],
                        [
                            3600.0,
                            1.575
                        ],
                        [
                            4100.0,
                            1.6
                        ],
                        [
                            4700.0,
                            1.625
                        ],
                        [
                            5250.0,
                            1.65
                        ],
                        [
                            6000.0,
                            1.675
                        ],
                        [
                            6700.0,
                            1.7
                        ],
                        [
                            7500.0,
                            1.725
                        ],
                        [
                            8650.0,
                            1.75
                        ],
                        [
                            9500.0,
                            1.775
                        ],
                        [
                            10750.0,
                            1.8
                        ],
                        [
                            14500.0,
                            1.85
                        ],
                        [
                            19500.0,
                            1.9
                        ],
                        [
                            25000.0,
                            1.95
                        ],
                        [
                            33000.0,
                            2.0
                        ],
                        [
                            44000.0,
                            2.05
                        ],
                        [
                            57000.0,
                            2.1
                        ],
                        [
                            74000.0,
                            2.15
                        ],
                        [
                            96000.0,
                            2.2
                        ],
                        [
                            130000.0,
                            2.25
                        ],
                        [
                            170000.0,
                            2.3
                        ],
                        [
                            235000.0,
                            2.35
                        ],
                        [
                            274000.0,
                            2.4
                        ],
                        [
                            370000.0,
                            2.5
                        ],
                        [
                            475000.0,
                            2.6
                        ],
                        [
                            570000.0,
                            2.7
                        ],
                        [
                            665000.0,
                            2.8
                        ]
                    ]
                },
                "Brm20": 0,
                "Hc": 0,
                "Wlam": 0.0005,
                "__class__": "MatMagnetics",
                "alpha_Br": 0,
                "mur_lin": 2500.0
            },
            "name": "M400-50A",
            "path": "M400-50A.json",
            "struct": {
                "Ex": 215000000000.0,
                "Ey": 215000000000.0,
                "Ez": 80000000000.0,
                "Gxy": 0.0,
                "Gxz": 2000000000.0,
                "Gyz": 2000000000.0,
                "__class__": "MatStructural",
                "nu_xy": 0.3,
                "nu_xz": 0.03,
                "nu_yz": 0.03,
                "rho": 7650.0
            }
        }
    },
    "stator": {
        "Kf1": 0.95,
        "Ksfill": null,
        "L1": 0.35,
        "Nrvd": 0,
        "Rext": 0.2,
        "Rint": 0.1325,
        "Wrvd": 0,
        "__class__": "LamSlotWind",
        "axial_vent": [],
        "is_internal": false,
        "is_stator": true,
        "mat_type": {
            "HT": {
                "Cp": 1,
                "__class__": "MatHT",
                "alpha": 0.00393,
                "lambda_x": 1,
                "lambda_y": 1,
                "lambda_z": 1
            },
            "__class__": "Material",
            "desc": "Lamination M400-50A",
            "eco": {
                "__class__": "MatEconomical",
                "cost_unit": 0.127,
                "unit_name": "$"
            },
            "elec": {
                "__class__": "MatElectrical",
                "alpha": 1,
                "epsr": 1,
                "rho": 1
            },
            "is_isotropic": false,
            "mag": {
                "BH_curve": {
                    "__class__": "ImportMatrixVal",
                    "is_transpose": false,
                    "value": [
                        [
                            0.0,
                            0.0
                        ],
                        [
                            100.0,
                            0.5
                        ],
                        [
                            150.0,
                            0.7
                        ],
                        [
                            180.0,
                            0.8
                        ],
                        [
                            200.0,
                            0.9
                        ],
                        [
                            250.0,
                            1.0
                        ],
                        [
                            300.0,
                            1.05
                        ],
                        [
                            350.0,
                            1.1
                        ],
                        [
                            450.0,
                            1.15
                        ],
                        [
                            550.0,
                            1.2
                        ],
                        [
                            650.0,
                            1.225
                        ],
                        [
                            750.0,
                            1.25
                        ],
                        [
                            850.0,
                            1.275
                        ],
                        [
                            950.0,
                            1.3
                        ],
                        [
                            1100.0,
                            1.325
                        ],
                        [
                            1250.0,
                            1.35
                        ],
                        [
                            1400.0,
                            1.375
                        ],
                        [
                            1550.0,
                            1.4
                        ],
                        [
                            1700.0,
                            1.425
                        ],
                        [
                            1900.0,
                            1.45
                        ],
                        [
                            2150.0,
                            1.475
                        ],
                        [
                            2450.0,
                            1.5
                        ],
                        [
                            2750.0,
                            1.525
                        ],
                        [
                            3150.0,
                            1.55
                        ],
                        [
                            3600.0,
                            1.575
                        ],
                        [
                            4100.0,
                            1.6
                        ],
                        [
                            4700.0,
                            1.625
                        ],
                        [
                            5250.0,
                            1.65
                        ],
                        [
                            6000.0,
                            1.675
                        ],
                        [
                            6700.0,
                            1.7
                        ],
                        [
                            7500.0,
                            1.725
                        ],
                        [
                            8650.0,
                            1.75
                        ],
                        [
                            9500.0,
                            1.775
                        ],
                        [
                            10750.0,
                            1.8
                        ],
                        [
                            14500.0,
                            1.85
                        ],
                        [
                            19500.0,
                            1.9
                        ],
                        [
                            25000.0,
                            1.95
                        ],
                        [
                            33000.0,
                            2.0
                        ],
                        [
                            44000.0,
                            2.05
                        ],
                        [
                            57000.0,
                            2.1
                        ],
                        [
                            74000.0,
                            2.15
                        ],
                        [
                            96000.0,
                            2.2
                        ],
                        [
                            130000.0,
                            2.25
                        ],
                        [
                            170000.0,
                            2.3
                        ],
                        [
                            235000.0,
                            2.35
                        ],
                        [
                            274000.0,
                            2.4
                        ],
                        [
                            370000.0,
                            2.5
                        ],
                        [
                            475000.0,
                            2.6
                        ],
                        [
                            570000.0,
                            2.7
                        ],
                        [
                            665000.0,
                            2.8
                        ]
                    ]
                },
                "Brm20": 0,
                "Hc": 0,
                "Wlam": 0.0005,
                "__class__": "MatMagnetics",
                "alpha_Br": 0,
                "mur_lin": 2500.0
            },
            "name": "M400-50A",
            "path": "M400-50A.json",
            "struct": {
                "Ex": 215000000000.0,
                "Ey": 215000000000.0,
                "Ez": 80000000000.0,
                "Gxy": 0.0,
                "Gxz": 2000000000.0,
                "Gyz": 2000000000.0,
                "__class__": "MatStructural",
                "nu_xy": 0.3,
                "nu_xz": 0.03,
                "nu_yz": 0.03,
                "rho": 7650.0
            }
        },
        "notch": [],
        "slot": {
            "H0": 0.001,
            "H1": 0.0015,
            "H1_is_rad": false,
            "H2": 0.03,
            "W0": 0.012,
            "W1": 0.014,
            "W2": 0.012,
            "Zs": 36,
            "__class__": "SlotW10"
        },
        "winding": {
            "Lewout": 0.1541392,
            "Npcpp": 2,
            "Nslot_shift_wind": 0,
            "Ntcoil": 7,
            "__class__": "WindingDW2L",
            "coil_pitch": 5,
            "conductor": {
                "Hwire": 0.002,
                "Nwppc_rad": 1,
                "Nwppc_tan": 1,
                "Wins_coil": 0,
                "Wins_wire": 0,
                "Wwire": 0.01,
                "__class__": "CondType11",
                "alpha_ew": 58,
                "cond_mat": {
                    "HT": {
                        "Cp": 381.0,
                        "__class__": "MatHT",
                        "alpha": 0.00393,
                        "lambda_x": 385.0,
                        "lambda_y": 385.0,
                        "lambda_z": 385.0
                    },
                    "__class__": "Material",
                    "desc": "COPPER WINDING",
                    "eco": {
                        "__class__": "MatEconomical",
                        "cost_unit": 60.0,
                        "unit_name": "$"
                    },
                    "elec": {
                        "__class__": "MatElectrical",
                        "alpha": 1,
                        "epsr": null,
                        "rho": 1.73e-08
                    },
                    "is_isotropic": true,
                    "mag": null,
                    "name": "Copper1",
                    "path": "Copper1.json",
                    "struct": {
                        "Ex": 115000000000.0,
                        "Ey": 115000000000.0,
                        "Ez": 115000000000.0,
                        "Gxy": null,
                        "Gxz": null,
                        "Gyz": null,
                        "__class__": "MatStructural",
                        "nu_xy": null,
                        "nu_xz": null,
                        "nu_yz": null,
                        "rho": 8900.0
                    }
                },
                "ins_mat": {
                    "HT": {
                        "Cp": 671.0,
                        "__class__": "MatHT",
                        "alpha": null,
                        "lambda_x": 0.2,
                        "lambda_y": 0.2,
                        "lambda_z": 0.2
                    },
                    "__class__": "Material",
                    "desc": "INSULATOR1",
                    "eco": {
                        "__class__": "MatEconomical",
                        "cost_unit": null,
                        "unit_name": "$"
                    },
                    "elec": {
                        "__class__": "MatElectrical",
                        "alpha": 1,
                        "epsr": null,
                        "rho": null
                    },
                    "is_isotropic": true,
                    "mag": null,
                    "name": "Insulator1",
                    "path": "Insulator1.json",
                    "struct": {
                        "Ex": null,
                        "Ey": null,
                        "Ez": null,
                        "Gxy": null,
                        "Gxz": null,
                        "Gyz": null,
                        "__class__": "MatStructural",
                        "nu_xy": null,
                        "nu_xz": null,
                        "nu_yz": null,
                        "rho": 1200.0
                    }
                },
                "type_winding_shape": 0
            },
            "is_reverse_wind": false,
            "p": 3,
            "qs": 3,
            "type_connection": 0
        }
    },
    "type_machine": 1
}