{
    "__class__": "MachineSyRM",
    "desc": "SynRM machine from Syr-e r29 open source software",
    "frame": null,
    "logger_name": "Pyleecan.Machine",
    "name": "SynRM_001",
    "rotor": {
        "Kf1": 0.96,
        "L1": 0.101,
        "Nrvd": 0,
        "Rext": 0.0406,
        "Rint": 0,
        "Wrvd": 0,
        "__class__": "LamHole",
        "axial_vent": [],
        "bore": null,
        "hole": [
            {
                "H0": 0.004,
                "H1": 0.0041,
                "R1": 0.025,
                "W0": 0.78,
                "Zh": 4,
                "__class__": "HoleM54",
                "mat_void": {
                    "HT": {
                        "Cp": 1007,
                        "__class__": "MatHT",
                        "alpha": 0.00343,
                        "lambda_x": 0.0257,
                        "lambda_y": 0.0257,
                        "lambda_z": 0.0257
                    },
                    "__class__": "Material",
                    "desc": "Air",
                    "eco": {
                        "__class__": "MatEconomical",
                        "cost_unit": 0.127,
                        "unit_name": "$"
                    },
                    "elec": {
                        "__class__": "MatElectrical",
                        "alpha": 1,
                        "epsr": 1,
                        "rho": 1
                    },
                    "is_isotropic": true,
                    "mag": {
                        "BH_curve": {
                            "__class__": "ImportMatrix",
                            "is_transpose": false
                        },
                        "Brm20": 0,
                        "Hc": 0,
                        "Wlam": 0,
                        "__class__": "MatMagnetics",
                        "alpha_Br": 0,
                        "mur_lin": 1
                    },
                    "name": "Air",
                    "path": "Air.json",
                    "struct": {
                        "Ex": 215000000000.0,
                        "Ey": 215000000000.0,
                        "Ez": 80000000000,
                        "Gxy": 0,
                        "Gxz": 2000000000,
                        "Gyz": 2000000000,
                        "__class__": "MatStructural",
                        "nu_xy": 0.3,
                        "nu_xz": 0.03,
                        "nu_yz": 0.03,
                        "rho": 1.2044
                    }
                }
            },
            {
                "H0": 0.011,
                "H1": 0.0041,
                "R1": 0.03,
                "W0": 1.22,
                "Zh": 4,
                "__class__": "HoleM54",
                "mat_void": {
                    "HT": {
                        "Cp": 1007,
                        "__class__": "MatHT",
                        "alpha": 0.00343,
                        "lambda_x": 0.0257,
                        "lambda_y": 0.0257,
                        "lambda_z": 0.0257
                    },
                    "__class__": "Material",
                    "desc": "Air",
                    "eco": {
                        "__class__": "MatEconomical",
                        "cost_unit": 0.127,
                        "unit_name": "$"
                    },
                    "elec": {
                        "__class__": "MatElectrical",
                        "alpha": 1,
                        "epsr": 1,
                        "rho": 1
                    },
                    "is_isotropic": true,
                    "mag": {
                        "BH_curve": {
                            "__class__": "ImportMatrix",
                            "is_transpose": false
                        },
                        "Brm20": 0,
                        "Hc": 0,
                        "Wlam": 0,
                        "__class__": "MatMagnetics",
                        "alpha_Br": 0,
                        "mur_lin": 1
                    },
                    "name": "Air",
                    "path": "Air.json",
                    "struct": {
                        "Ex": 215000000000.0,
                        "Ey": 215000000000.0,
                        "Ez": 80000000000,
                        "Gxy": 0,
                        "Gxz": 2000000000,
                        "Gyz": 2000000000,
                        "__class__": "MatStructural",
                        "nu_xy": 0.3,
                        "nu_xz": 0.03,
                        "nu_yz": 0.03,
                        "rho": 1.2044
                    }
                }
            },
            {
                "H0": 0.0185,
                "H1": 0.0041,
                "R1": 0.035,
                "W0": 1.44,
                "Zh": 4,
                "__class__": "HoleM54",
                "mat_void": {
                    "HT": {
                        "Cp": 1007,
                        "__class__": "MatHT",
                        "alpha": 0.00343,
                        "lambda_x": 0.0257,
                        "lambda_y": 0.0257,
                        "lambda_z": 0.0257
                    },
                    "__class__": "Material",
                    "desc": "Air",
                    "eco": {
                        "__class__": "MatEconomical",
                        "cost_unit": 0.127,
                        "unit_name": "$"
                    },
                    "elec": {
                        "__class__": "MatElectrical",
                        "alpha": 1,
                        "epsr": 1,
                        "rho": 1
                    },
                    "is_isotropic": true,
                    "mag": {
                        "BH_curve": {
                            "__class__": "ImportMatrix",
                            "is_transpose": false
                        },
                        "Brm20": 0,
                        "Hc": 0,
                        "Wlam": 0,
                        "__class__": "MatMagnetics",
                        "alpha_Br": 0,
                        "mur_lin": 1
                    },
                    "name": "Air",
                    "path": "Air.json",
                    "struct": {
                        "Ex": 215000000000.0,
                        "Ey": 215000000000.0,
                        "Ez": 80000000000,
                        "Gxy": 0,
                        "Gxz": 2000000000,
                        "Gyz": 2000000000,
                        "__class__": "MatStructural",
                        "nu_xy": 0.3,
                        "nu_xz": 0.03,
                        "nu_yz": 0.03,
                        "rho": 1.2044
                    }
                }
            }
        ],
        "is_internal": true,
        "is_stator": false,
        "mat_type": {
            "HT": {
                "Cp": 1,
                "__class__": "MatHT",
                "alpha": 0.00393,
                "lambda_x": 1,
                "lambda_y": 1,
                "lambda_z": 1
            },
            "__class__": "Material",
            "desc": "Material description",
            "eco": {
                "__class__": "MatEconomical",
                "cost_unit": 0.127,
                "unit_name": "$"
            },
            "elec": {
                "__class__": "MatElectrical",
                "alpha": 1,
                "epsr": 1,
                "rho": 1
            },
            "is_isotropic": false,
            "mag": {
                "BH_curve": {
                    "__class__": "ImportMatrixVal",
                    "is_transpose": false,
                    "value": [
                        [
                            0.0,
                            0.0
                        ],
                        [
                            12.327,
                            0.018848
                        ],
                        [
                            22.1633,
                            0.038574
                        ],
                        [
                            30.2644,
                            0.059313
                        ],
                        [
                            37.121,
                            0.081241
                        ],
                        [
                            43.0701,
                            0.104587
                        ],
                        [
                            48.3565,
                            0.12967
                        ],
                        [
                            53.1715,
                            0.156946
                        ],
                        [
                            57.6808,
                            0.187116
                        ],
                        [
                            62.0548,
                            0.221361
                        ],
                        [
                            66.5243,
                            0.261981
                        ],
                        [
                            71.5742,
                            0.314919
                        ],
                        [
                            82.0404,
                            0.442722
                        ],
                        [
                            92.229,
                            0.571656
                        ],
                        [
                            96.6379,
                            0.625062
                        ],
                        [
                            100.1571,
                            0.666042
                        ],
                        [
                            103.2439,
                            0.70059
                        ],
                        [
                            106.0747,
                            0.731027
                        ],
                        [
                            108.7401,
                            0.758545
                        ],
                        [
                            111.294,
                            0.78385
                        ],
                        [
                            113.7724,
                            0.807403
                        ],
                        [
                            116.2007,
                            0.829524
                        ],
                        [
                            118.5981,
                            0.850448
                        ],
                        [
                            120.9797,
                            0.870348
                        ],
                        [
                            123.358,
                            0.889363
                        ],
                        [
                            125.7437,
                            0.907601
                        ],
                        [
                            128.1463,
                            0.925149
                        ],
                        [
                            130.5742,
                            0.942082
                        ],
                        [
                            133.0354,
                            0.958459
                        ],
                        [
                            135.5376,
                            0.974331
                        ],
                        [
                            138.0881,
                            0.989743
                        ],
                        [
                            140.6944,
                            1.0047
                        ],
                        [
                            143.3639,
                            1.0193
                        ],
                        [
                            146.1041,
                            1.0336
                        ],
                        [
                            148.9231,
                            1.0475
                        ],
                        [
                            151.829,
                            1.0611
                        ],
                        [
                            154.8305,
                            1.0744
                        ],
                        [
                            157.9369,
                            1.0874
                        ],
                        [
                            161.1581,
                            1.1002
                        ],
                        [
                            164.5048,
                            1.1127
                        ],
                        [
                            167.9886,
                            1.125
                        ],
                        [
                            171.622,
                            1.1371
                        ],
                        [
                            175.4188,
                            1.1489
                        ],
                        [
                            179.3942,
                            1.1606
                        ],
                        [
                            183.5649,
                            1.1721
                        ],
                        [
                            187.9492,
                            1.1834
                        ],
                        [
                            192.5676,
                            1.1945
                        ],
                        [
                            197.443,
                            1.2055
                        ],
                        [
                            202.6009,
                            1.2163
                        ],
                        [
                            208.0698,
                            1.227
                        ],
                        [
                            213.8818,
                            1.2375
                        ],
                        [
                            220.0734,
                            1.2479
                        ],
                        [
                            226.6856,
                            1.2582
                        ],
                        [
                            233.7652,
                            1.2683
                        ],
                        [
                            241.3655,
                            1.2783
                        ],
                        [
                            249.5473,
                            1.2882
                        ],
                        [
                            258.3806,
                            1.298
                        ],
                        [
                            267.9457,
                            1.3076
                        ],
                        [
                            278.3355,
                            1.3172
                        ],
                        [
                            289.6574,
                            1.3267
                        ],
                        [
                            302.0357,
                            1.336
                        ],
                        [
                            315.6151,
                            1.3453
                        ],
                        [
                            330.5638,
                            1.3544
                        ],
                        [
                            347.0772,
                            1.3635
                        ],
                        [
                            365.3823,
                            1.3725
                        ],
                        [
                            385.7424,
                            1.3814
                        ],
                        [
                            408.4606,
                            1.3902
                        ],
                        [
                            433.8836,
                            1.3989
                        ],
                        [
                            462.4034,
                            1.4076
                        ],
                        [
                            494.4556,
                            1.4162
                        ],
                        [
                            530.5131,
                            1.4247
                        ],
                        [
                            571.0738,
                            1.4331
                        ],
                        [
                            616.6388,
                            1.4414
                        ],
                        [
                            667.6839,
                            1.4497
                        ],
                        [
                            724.6241,
                            1.458
                        ],
                        [
                            787.7763,
                            1.4661
                        ],
                        [
                            857.3292,
                            1.4742
                        ],
                        [
                            933.3248,
                            1.4822
                        ],
                        [
                            1015.7,
                            1.4902
                        ],
                        [
                            1104.1,
                            1.4981
                        ],
                        [
                            1198.3,
                            1.5059
                        ],
                        [
                            1298.0,
                            1.5137
                        ],
                        [
                            1402.6,
                            1.5215
                        ],
                        [
                            1511.9,
                            1.5291
                        ],
                        [
                            1625.5,
                            1.5368
                        ],
                        [
                            1743.0,
                            1.5443
                        ],
                        [
                            1864.3,
                            1.5519
                        ],
                        [
                            1989.1,
                            1.5593
                        ],
                        [
                            2117.4,
                            1.5667
                        ],
                        [
                            2248.9,
                            1.5741
                        ],
                        [
                            2383.8,
                            1.5814
                        ],
                        [
                            2521.9,
                            1.5887
                        ],
                        [
                            2663.3,
                            1.5959
                        ],
                        [
                            2808.1,
                            1.6031
                        ],
                        [
                            2956.5,
                            1.6103
                        ],
                        [
                            3108.4,
                            1.6174
                        ],
                        [
                            3264.2,
                            1.6244
                        ],
                        [
                            3423.9,
                            1.6314
                        ],
                        [
                            3587.8,
                            1.6384
                        ],
                        [
                            3756.1,
                            1.6453
                        ],
                        [
                            3929.2,
                            1.6522
                        ],
                        [
                            4107.3,
                            1.6591
                        ],
                        [
                            4290.7,
                            1.6659
                        ],
                        [
                            4479.7,
                            1.6727
                        ],
                        [
                            4674.9,
                            1.6794
                        ],
                        [
                            4876.6,
                            1.6861
                        ],
                        [
                            5085.2,
                            1.6928
                        ],
                        [
                            5301.3,
                            1.6994
                        ],
                        [
                            5525.5,
                            1.706
                        ],
                        [
                            5758.3,
                            1.7126
                        ],
                        [
                            6000.4,
                            1.7191
                        ],
                        [
                            6252.5,
                            1.7256
                        ],
                        [
                            6515.5,
                            1.7321
                        ],
                        [
                            6790.2,
                            1.7385
                        ],
                        [
                            7077.5,
                            1.7449
                        ],
                        [
                            7378.5,
                            1.7513
                        ],
                        [
                            7694.3,
                            1.7576
                        ],
                        [
                            8026.4,
                            1.7639
                        ],
                        [
                            8375.9,
                            1.7702
                        ],
                        [
                            8744.6,
                            1.7764
                        ],
                        [
                            9134.0,
                            1.7826
                        ],
                        [
                            9546.2,
                            1.7888
                        ],
                        [
                            9983.2,
                            1.795
                        ],
                        [
                            10447.4,
                            1.8011
                        ],
                        [
                            10941.4,
                            1.8072
                        ],
                        [
                            11468.0,
                            1.8133
                        ],
                        [
                            12030.4,
                            1.8194
                        ],
                        [
                            12632.1,
                            1.8254
                        ],
                        [
                            13277.1,
                            1.8314
                        ],
                        [
                            13969.5,
                            1.8374
                        ],
                        [
                            14714.2,
                            1.8433
                        ],
                        [
                            15516.2,
                            1.8492
                        ],
                        [
                            16381.1,
                            1.8551
                        ],
                        [
                            17314.9,
                            1.861
                        ],
                        [
                            18324.1,
                            1.8668
                        ],
                        [
                            19415.4,
                            1.8727
                        ],
                        [
                            20595.9,
                            1.8785
                        ],
                        [
                            21872.6,
                            1.8843
                        ],
                        [
                            23252.7,
                            1.89
                        ],
                        [
                            24743.0,
                            1.8957
                        ],
                        [
                            26349.9,
                            1.9014
                        ],
                        [
                            28078.9,
                            1.9071
                        ],
                        [
                            29934.6,
                            1.9128
                        ],
                        [
                            31920.3,
                            1.9184
                        ],
                        [
                            34037.6,
                            1.9241
                        ],
                        [
                            36286.6,
                            1.9297
                        ],
                        [
                            38665.9,
                            1.9352
                        ],
                        [
                            41172.4,
                            1.9408
                        ],
                        [
                            43801.4,
                            1.9463
                        ],
                        [
                            46547.2,
                            1.9519
                        ],
                        [
                            49403.1,
                            1.9574
                        ],
                        [
                            52361.8,
                            1.9628
                        ],
                        [
                            55415.4,
                            1.9683
                        ],
                        [
                            58556.2,
                            1.9737
                        ],
                        [
                            61776.2,
                            1.9792
                        ],
                        [
                            65067.9,
                            1.9846
                        ],
                        [
                            68424.0,
                            1.9899
                        ],
                        [
                            71837.8,
                            1.9953
                        ],
                        [
                            75303.0,
                            2.0006
                        ],
                        [
                            78813.6,
                            2.006
                        ],
                        [
                            82364.5,
                            2.0113
                        ],
                        [
                            85950.7,
                            2.0166
                        ],
                        [
                            89567.8,
                            2.0218
                        ],
                        [
                            93212.0,
                            2.0271
                        ],
                        [
                            96879.6,
                            2.0323
                        ],
                        [
                            100567.5,
                            2.0375
                        ],
                        [
                            104272.9,
                            2.0428
                        ],
                        [
                            107993.0,
                            2.0479
                        ],
                        [
                            111725.7,
                            2.0531
                        ],
                        [
                            115468.9,
                            2.0583
                        ],
                        [
                            119220.7,
                            2.0634
                        ],
                        [
                            122979.5,
                            2.0685
                        ],
                        [
                            126743.9,
                            2.0736
                        ],
                        [
                            130512.4,
                            2.0787
                        ],
                        [
                            134283.9,
                            2.0838
                        ],
                        [
                            138057.3,
                            2.0888
                        ],
                        [
                            141831.7,
                            2.0939
                        ],
                        [
                            145606.1,
                            2.0989
                        ],
                        [
                            149379.9,
                            2.1039
                        ],
                        [
                            153152.3,
                            2.1089
                        ],
                        [
                            156922.7,
                            2.1139
                        ],
                        [
                            160690.6,
                            2.1189
                        ],
                        [
                            164455.3,
                            2.1238
                        ],
                        [
                            168216.4,
                            2.1288
                        ],
                        [
                            171973.6,
                            2.1337
                        ],
                        [
                            175726.5,
                            2.1386
                        ],
                        [
                            179474.6,
                            2.1435
                        ],
                        [
                            183217.8,
                            2.1484
                        ],
                        [
                            186955.6,
                            2.1532
                        ],
                        [
                            190688.0,
                            2.1581
                        ],
                        [
                            194414.6,
                            2.1629
                        ],
                        [
                            198135.3,
                            2.1677
                        ],
                        [
                            201849.8,
                            2.1726
                        ],
                        [
                            205558.0,
                            2.1774
                        ],
                        [
                            209259.8,
                            2.1821
                        ],
                        [
                            212955.0,
                            2.1869
                        ],
                        [
                            216643.5,
                            2.1917
                        ],
                        [
                            220325.2,
                            2.1964
                        ],
                        [
                            224000.0,
                            2.2011
                        ]
                    ]
                },
                "Brm20": 0,
                "Hc": 0,
                "Wlam": 0.0005,
                "__class__": "MatMagnetics",
                "alpha_Br": 0,
                "mur_lin": 2500.0
            },
            "name": "M530-65A",
            "path": "M530-65A.json",
            "struct": {
                "Ex": 215000000000.0,
                "Ey": 215000000000.0,
                "Ez": 80000000000.0,
                "Gxy": 0.0,
                "Gxz": 2000000000.0,
                "Gyz": 2000000000.0,
                "__class__": "MatStructural",
                "nu_xy": 0.3,
                "nu_xz": 0.03,
                "nu_yz": 0.03,
                "rho": 7650.0
            }
        },
        "notch": []
    },
    "shaft": null,
    "stator": {
        "Kf1": 0.96,
        "Ksfill": null,
        "L1": 0.101,
        "Nrvd": 0,
        "Rext": 0.0675,
        "Rint": 0.0411,
        "Wrvd": 0,
        "__class__": "LamSlotWind",
        "axial_vent": [],
        "is_internal": false,
        "is_stator": true,
        "mat_type": {
            "HT": {
                "Cp": 1,
                "__class__": "MatHT",
                "alpha": 0.00393,
                "lambda_x": 1,
                "lambda_y": 1,
                "lambda_z": 1
            },
            "__class__": "Material",
            "desc": "Material description",
            "eco": {
                "__class__": "MatEconomical",
                "cost_unit": 0.127,
                "unit_name": "$"
            },
            "elec": {
                "__class__": "MatElectrical",
                "alpha": 1,
                "epsr": 1,
                "rho": 1
            },
            "is_isotropic": false,
            "mag": {
                "BH_curve": {
                    "__class__": "ImportMatrixVal",
                    "is_transpose": false,
                    "value": [
                        [
                            0.0,
                            0.0
                        ],
                        [
                            12.327,
                            0.018848
                        ],
                        [
                            22.1633,
                            0.038574
                        ],
                        [
                            30.2644,
                            0.059313
                        ],
                        [
                            37.121,
                            0.081241
                        ],
                        [
                            43.0701,
                            0.104587
                        ],
                        [
                            48.3565,
                            0.12967
                        ],
                        [
                            53.1715,
                            0.156946
                        ],
                        [
                            57.6808,
                            0.187116
                        ],
                        [
                            62.0548,
                            0.221361
                        ],
                        [
                            66.5243,
                            0.261981
                        ],
                        [
                            71.5742,
                            0.314919
                        ],
                        [
                            82.0404,
                            0.442722
                        ],
                        [
                            92.229,
                            0.571656
                        ],
                        [
                            96.6379,
                            0.625062
                        ],
                        [
                            100.1571,
                            0.666042
                        ],
                        [
                            103.2439,
                            0.70059
                        ],
                        [
                            106.0747,
                            0.731027
                        ],
                        [
                            108.7401,
                            0.758545
                        ],
                        [
                            111.294,
                            0.78385
                        ],
                        [
                            113.7724,
                            0.807403
                        ],
                        [
                            116.2007,
                            0.829524
                        ],
                        [
                            118.5981,
                            0.850448
                        ],
                        [
                            120.9797,
                            0.870348
                        ],
                        [
                            123.358,
                            0.889363
                        ],
                        [
                            125.7437,
                            0.907601
                        ],
                        [
                            128.1463,
                            0.925149
                        ],
                        [
                            130.5742,
                            0.942082
                        ],
                        [
                            133.0354,
                            0.958459
                        ],
                        [
                            135.5376,
                            0.974331
                        ],
                        [
                            138.0881,
                            0.989743
                        ],
                        [
                            140.6944,
                            1.0047
                        ],
                        [
                            143.3639,
                            1.0193
                        ],
                        [
                            146.1041,
                            1.0336
                        ],
                        [
                            148.9231,
                            1.0475
                        ],
                        [
                            151.829,
                            1.0611
                        ],
                        [
                            154.8305,
                            1.0744
                        ],
                        [
                            157.9369,
                            1.0874
                        ],
                        [
                            161.1581,
                            1.1002
                        ],
                        [
                            164.5048,
                            1.1127
                        ],
                        [
                            167.9886,
                            1.125
                        ],
                        [
                            171.622,
                            1.1371
                        ],
                        [
                            175.4188,
                            1.1489
                        ],
                        [
                            179.3942,
                            1.1606
                        ],
                        [
                            183.5649,
                            1.1721
                        ],
                        [
                            187.9492,
                            1.1834
                        ],
                        [
                            192.5676,
                            1.1945
                        ],
                        [
                            197.443,
                            1.2055
                        ],
                        [
                            202.6009,
                            1.2163
                        ],
                        [
                            208.0698,
                            1.227
                        ],
                        [
                            213.8818,
                            1.2375
                        ],
                        [
                            220.0734,
                            1.2479
                        ],
                        [
                            226.6856,
                            1.2582
                        ],
                        [
                            233.7652,
                            1.2683
                        ],
                        [
                            241.3655,
                            1.2783
                        ],
                        [
                            249.5473,
                            1.2882
                        ],
                        [
                            258.3806,
                            1.298
                        ],
                        [
                            267.9457,
                            1.3076
                        ],
                        [
                            278.3355,
                            1.3172
                        ],
                        [
                            289.6574,
                            1.3267
                        ],
                        [
                            302.0357,
                            1.336
                        ],
                        [
                            315.6151,
                            1.3453
                        ],
                        [
                            330.5638,
                            1.3544
                        ],
                        [
                            347.0772,
                            1.3635
                        ],
                        [
                            365.3823,
                            1.3725
                        ],
                        [
                            385.7424,
                            1.3814
                        ],
                        [
                            408.4606,
                            1.3902
                        ],
                        [
                            433.8836,
                            1.3989
                        ],
                        [
                            462.4034,
                            1.4076
                        ],
                        [
                            494.4556,
                            1.4162
                        ],
                        [
                            530.5131,
                            1.4247
                        ],
                        [
                            571.0738,
                            1.4331
                        ],
                        [
                            616.6388,
                            1.4414
                        ],
                        [
                            667.6839,
                            1.4497
                        ],
                        [
                            724.6241,
                            1.458
                        ],
                        [
                            787.7763,
                            1.4661
                        ],
                        [
                            857.3292,
                            1.4742
                        ],
                        [
                            933.3248,
                            1.4822
                        ],
                        [
                            1015.7,
                            1.4902
                        ],
                        [
                            1104.1,
                            1.4981
                        ],
                        [
                            1198.3,
                            1.5059
                        ],
                        [
                            1298.0,
                            1.5137
                        ],
                        [
                            1402.6,
                            1.5215
                        ],
                        [
                            1511.9,
                            1.5291
                        ],
                        [
                            1625.5,
                            1.5368
                        ],
                        [
                            1743.0,
                            1.5443
                        ],
                        [
                            1864.3,
                            1.5519
                        ],
                        [
                            1989.1,
                            1.5593
                        ],
                        [
                            2117.4,
                            1.5667
                        ],
                        [
                            2248.9,
                            1.5741
                        ],
                        [
                            2383.8,
                            1.5814
                        ],
                        [
                            2521.9,
                            1.5887
                        ],
                        [
                            2663.3,
                            1.5959
                        ],
                        [
                            2808.1,
                            1.6031
                        ],
                        [
                            2956.5,
                            1.6103
                        ],
                        [
                            3108.4,
                            1.6174
                        ],
                        [
                            3264.2,
                            1.6244
                        ],
                        [
                            3423.9,
                            1.6314
                        ],
                        [
                            3587.8,
                            1.6384
                        ],
                        [
                            3756.1,
                            1.6453
                        ],
                        [
                            3929.2,
                            1.6522
                        ],
                        [
                            4107.3,
                            1.6591
                        ],
                        [
                            4290.7,
                            1.6659
                        ],
                        [
                            4479.7,
                            1.6727
                        ],
                        [
                            4674.9,
                            1.6794
                        ],
                        [
                            4876.6,
                            1.6861
                        ],
                        [
                            5085.2,
                            1.6928
                        ],
                        [
                            5301.3,
                            1.6994
                        ],
                        [
                            5525.5,
                            1.706
                        ],
                        [
                            5758.3,
                            1.7126
                        ],
                        [
                            6000.4,
                            1.7191
                        ],
                        [
                            6252.5,
                            1.7256
                        ],
                        [
                            6515.5,
                            1.7321
                        ],
                        [
                            6790.2,
                            1.7385
                        ],
                        [
                            7077.5,
                            1.7449
                        ],
                        [
                            7378.5,
                            1.7513
                        ],
                        [
                            7694.3,
                            1.7576
                        ],
                        [
                            8026.4,
                            1.7639
                        ],
                        [
                            8375.9,
                            1.7702
                        ],
                        [
                            8744.6,
                            1.7764
                        ],
                        [
                            9134.0,
                            1.7826
                        ],
                        [
                            9546.2,
                            1.7888
                        ],
                        [
                            9983.2,
                            1.795
                        ],
                        [
                            10447.4,
                            1.8011
                        ],
                        [
                            10941.4,
                            1.8072
                        ],
                        [
                            11468.0,
                            1.8133
                        ],
                        [
                            12030.4,
                            1.8194
                        ],
                        [
                            12632.1,
                            1.8254
                        ],
                        [
                            13277.1,
                            1.8314
                        ],
                        [
                            13969.5,
                            1.8374
                        ],
                        [
                            14714.2,
                            1.8433
                        ],
                        [
                            15516.2,
                            1.8492
                        ],
                        [
                            16381.1,
                            1.8551
                        ],
                        [
                            17314.9,
                            1.861
                        ],
                        [
                            18324.1,
                            1.8668
                        ],
                        [
                            19415.4,
                            1.8727
                        ],
                        [
                            20595.9,
                            1.8785
                        ],
                        [
                            21872.6,
                            1.8843
                        ],
                        [
                            23252.7,
                            1.89
                        ],
                        [
                            24743.0,
                            1.8957
                        ],
                        [
                            26349.9,
                            1.9014
                        ],
                        [
                            28078.9,
                            1.9071
                        ],
                        [
                            29934.6,
                            1.9128
                        ],
                        [
                            31920.3,
                            1.9184
                        ],
                        [
                            34037.6,
                            1.9241
                        ],
                        [
                            36286.6,
                            1.9297
                        ],
                        [
                            38665.9,
                            1.9352
                        ],
                        [
                            41172.4,
                            1.9408
                        ],
                        [
                            43801.4,
                            1.9463
                        ],
                        [
                            46547.2,
                            1.9519
                        ],
                        [
                            49403.1,
                            1.9574
                        ],
                        [
                            52361.8,
                            1.9628
                        ],
                        [
                            55415.4,
                            1.9683
                        ],
                        [
                            58556.2,
                            1.9737
                        ],
                        [
                            61776.2,
                            1.9792
                        ],
                        [
                            65067.9,
                            1.9846
                        ],
                        [
                            68424.0,
                            1.9899
                        ],
                        [
                            71837.8,
                            1.9953
                        ],
                        [
                            75303.0,
                            2.0006
                        ],
                        [
                            78813.6,
                            2.006
                        ],
                        [
                            82364.5,
                            2.0113
                        ],
                        [
                            85950.7,
                            2.0166
                        ],
                        [
                            89567.8,
                            2.0218
                        ],
                        [
                            93212.0,
                            2.0271
                        ],
                        [
                            96879.6,
                            2.0323
                        ],
                        [
                            100567.5,
                            2.0375
                        ],
                        [
                            104272.9,
                            2.0428
                        ],
                        [
                            107993.0,
                            2.0479
                        ],
                        [
                            111725.7,
                            2.0531
                        ],
                        [
                            115468.9,
                            2.0583
                        ],
                        [
                            119220.7,
                            2.0634
                        ],
                        [
                            122979.5,
                            2.0685
                        ],
                        [
                            126743.9,
                            2.0736
                        ],
                        [
                            130512.4,
                            2.0787
                        ],
                        [
                            134283.9,
                            2.0838
                        ],
                        [
                            138057.3,
                            2.0888
                        ],
                        [
                            141831.7,
                            2.0939
                        ],
                        [
                            145606.1,
                            2.0989
                        ],
                        [
                            149379.9,
                            2.1039
                        ],
                        [
                            153152.3,
                            2.1089
                        ],
                        [
                            156922.7,
                            2.1139
                        ],
                        [
                            160690.6,
                            2.1189
                        ],
                        [
                            164455.3,
                            2.1238
                        ],
                        [
                            168216.4,
                            2.1288
                        ],
                        [
                            171973.6,
                            2.1337
                        ],
                        [
                            175726.5,
                            2.1386
                        ],
                        [
                            179474.6,
                            2.1435
                        ],
                        [
                            183217.8,
                            2.1484
                        ],
                        [
                            186955.6,
                            2.1532
                        ],
                        [
                            190688.0,
                            2.1581
                        ],
                        [
                            194414.6,
                            2.1629
                        ],
                        [
                            198135.3,
                            2.1677
                        ],
                        [
                            201849.8,
                            2.1726
                        ],
                        [
                            205558.0,
                            2.1774
                        ],
                        [
                            209259.8,
                            2.1821
                        ],
                        [
                            212955.0,
                            2.1869
                        ],
                        [
                            216643.5,
                            2.1917
                        ],
                        [
                            220325.2,
                            2.1964
                        ],
                        [
                            224000.0,
                            2.2011
                        ]
                    ]
                },
                "Brm20": 0,
                "Hc": 0,
                "Wlam": 0.0005,
                "__class__": "MatMagnetics",
                "alpha_Br": 0,
                "mur_lin": 2500.0
            },
            "name": "M530-65A",
            "path": "M530-65A.json",
            "struct": {
                "Ex": 215000000000.0,
                "Ey": 215000000000.0,
                "Ez": 80000000000.0,
                "Gxy": 0.0,
                "Gxz": 2000000000.0,
                "Gyz": 2000000000.0,
                "__class__": "MatStructural",
                "nu_xy": 0.3,
                "nu_xz": 0.03,
                "nu_yz": 0.03,
                "rho": 7650.0
            }
        },
        "notch": [],
        "slot": {
            "H0": 0.00075,
            "H1": 0.4363323129985824,
            "H1_is_rad": true,
            "H2": 0.015,
            "R1": 0.001,
            "W0": 0.00268,
            "W1": 0.006828,
            "W2": 0.009,
            "Zs": 24,
            "__class__": "SlotW11"
        },
        "winding": {
            "Lewout": 0.015,
            "Npcpp": 1,
            "Nslot_shift_wind": 0,
            "Ntcoil": 30,
            "__class__": "WindingDW1L",
            "coil_pitch": 6,
            "conductor": {
                "Kwoh": 0.5,
                "Nwppc": 1,
                "Wins_cond": 0.015,
                "Wins_wire": 1e-06,
                "Wwire": 0.001,
                "__class__": "CondType12",
                "cond_mat": {
                    "HT": {
                        "Cp": 381.0,
                        "__class__": "MatHT",
                        "alpha": 0.00393,
                        "lambda_x": 385.0,
                        "lambda_y": 385.0,
                        "lambda_z": 385.0
                    },
                    "__class__": "Material",
                    "desc": "COPPER WINDING",
                    "eco": {
                        "__class__": "MatEconomical",
                        "cost_unit": 60.0,
                        "unit_name": "$"
                    },
                    "elec": {
                        "__class__": "MatElectrical",
                        "alpha": 1,
                        "epsr": null,
                        "rho": 1.73e-08
                    },
                    "is_isotropic": true,
                    "mag": null,
                    "name": "Copper1",
                    "path": "Copper1.json",
                    "struct": {
                        "Ex": 115000000000.0,
                        "Ey": 115000000000.0,
                        "Ez": 115000000000.0,
                        "Gxy": null,
                        "Gxz": null,
                        "Gyz": null,
                        "__class__": "MatStructural",
                        "nu_xy": null,
                        "nu_xz": null,
                        "nu_yz": null,
                        "rho": 8900.0
                    }
                },
                "ins_mat": {
                    "HT": {
                        "Cp": 671.0,
                        "__class__": "MatHT",
                        "alpha": null,
                        "lambda_x": 0.2,
                        "lambda_y": 0.2,
                        "lambda_z": 0.2
                    },
                    "__class__": "Material",
                    "desc": "INSULATOR1",
                    "eco": {
                        "__class__": "MatEconomical",
                        "cost_unit": null,
                        "unit_name": "$"
                    },
                    "elec": {
                        "__class__": "MatElectrical",
                        "alpha": 1,
                        "epsr": null,
                        "rho": null
                    },
                    "is_isotropic": true,
                    "mag": null,
                    "name": "Insulator1",
                    "path": "Insulator1.json",
                    "struct": {
                        "Ex": null,
                        "Ey": null,
                        "Ez": null,
                        "Gxy": null,
                        "Gxz": null,
                        "Gyz": null,
                        "__class__": "MatStructural",
                        "nu_xy": null,
                        "nu_xz": null,
                        "nu_yz": null,
                        "rho": 1200.0
                    }
                }
            },
            "is_reverse_wind": false,
            "p": 2,
            "qs": 3,
            "type_connection": 0
        }
    },
    "type_machine": 5
}