{
    "__class__": "MachineSCIM",
    "desc": "Tesla model S 2013 \nsee Open Source Electric Motor Models for Commercial EV & Hybrid Traction Motors Dr David Staton Dr James Goss (2017)",
    "frame": {
        "Lfra": null,
        "Rext": 0.127,
        "Rint": 0.127,
        "__class__": "Frame",
        "mat_type": {
            "HT": {
                "Cp": null,
                "__class__": "MatHT",
                "alpha": null,
                "lambda_x": null,
                "lambda_y": null,
                "lambda_z": null
            },
            "__class__": "Material",
            "desc": null,
            "eco": {
                "__class__": "MatEconomical",
                "cost_unit": null,
                "unit_name": null
            },
            "elec": {
                "__class__": "MatElectrical",
                "alpha": null,
                "epsr": null,
                "rho": null
            },
            "is_isotropic": null,
            "mag": {
                "BH_curve": {
                    "__class__": "ImportMatrix",
                    "is_transpose": null
                },
                "Brm20": null,
                "Hc": null,
                "Wlam": null,
                "__class__": "MatMagnetics",
                "alpha_Br": null,
                "mur_lin": null
            },
            "name": null,
            "path": null,
            "struct": {
                "Ex": null,
                "Ey": null,
                "Ez": null,
                "Gxy": null,
                "Gxz": null,
                "Gyz": null,
                "__class__": "MatStructural",
                "nu_xy": null,
                "nu_xz": null,
                "nu_yz": null,
                "rho": null
            }
        }
    },
    "logger_name": null,
    "name": "TESLA_S",
    "rotor": {
        "Hscr": 0.02,
        "Kf1": 0.95,
        "Ksfill": null,
        "L1": 0.1538,
        "Lscr": 0.015,
        "Nrvd": null,
        "Rext": 0.07790000000000001,
        "Rint": 0.025,
        "Wrvd": null,
        "__class__": "LamSquirrelCage",
        "axial_vent": [],
        "is_internal": true,
        "is_stator": false,
        "mat_type": {
            "HT": {
                "Cp": 1,
                "__class__": "MatHT",
                "alpha": 0.00393,
                "lambda_x": 1,
                "lambda_y": 1,
                "lambda_z": 1
            },
            "__class__": "Material",
            "desc": "Lamination M400-50A",
            "eco": {
                "__class__": "MatEconomical",
                "cost_unit": 0.127,
                "unit_name": "$"
            },
            "elec": {
                "__class__": "MatElectrical",
                "alpha": 1,
                "epsr": 1,
                "rho": 1
            },
            "is_isotropic": false,
            "mag": {
                "BH_curve": {
                    "__class__": "ImportMatrixVal",
                    "is_transpose": false,
                    "value": [
                        [
                            0.0,
                            0.0
                        ],
                        [
                            100.0,
                            0.5
                        ],
                        [
                            150.0,
                            0.7
                        ],
                        [
                            180.0,
                            0.8
                        ],
                        [
                            200.0,
                            0.9
                        ],
                        [
                            250.0,
                            1.0
                        ],
                        [
                            300.0,
                            1.05
                        ],
                        [
                            350.0,
                            1.1
                        ],
                        [
                            450.0,
                            1.15
                        ],
                        [
                            550.0,
                            1.2
                        ],
                        [
                            650.0,
                            1.225
                        ],
                        [
                            750.0,
                            1.25
                        ],
                        [
                            850.0,
                            1.275
                        ],
                        [
                            950.0,
                            1.3
                        ],
                        [
                            1100.0,
                            1.325
                        ],
                        [
                            1250.0,
                            1.35
                        ],
                        [
                            1400.0,
                            1.375
                        ],
                        [
                            1550.0,
                            1.4
                        ],
                        [
                            1700.0,
                            1.425
                        ],
                        [
                            1900.0,
                            1.45
                        ],
                        [
                            2150.0,
                            1.475
                        ],
                        [
                            2450.0,
                            1.5
                        ],
                        [
                            2750.0,
                            1.525
                        ],
                        [
                            3150.0,
                            1.55
                        ],
                        [
                            3600.0,
                            1.575
                        ],
                        [
                            4100.0,
                            1.6
                        ],
                        [
                            4700.0,
                            1.625
                        ],
                        [
                            5250.0,
                            1.65
                        ],
                        [
                            6000.0,
                            1.675
                        ],
                        [
                            6700.0,
                            1.7
                        ],
                        [
                            7500.0,
                            1.725
                        ],
                        [
                            8650.0,
                            1.75
                        ],
                        [
                            9500.0,
                            1.775
                        ],
                        [
                            10750.0,
                            1.8
                        ],
                        [
                            14500.0,
                            1.85
                        ],
                        [
                            19500.0,
                            1.9
                        ],
                        [
                            25000.0,
                            1.95
                        ],
                        [
                            33000.0,
                            2.0
                        ],
                        [
                            44000.0,
                            2.05
                        ],
                        [
                            57000.0,
                            2.1
                        ],
                        [
                            74000.0,
                            2.15
                        ],
                        [
                            96000.0,
                            2.2
                        ],
                        [
                            130000.0,
                            2.25
                        ],
                        [
                            170000.0,
                            2.3
                        ],
                        [
                            235000.0,
                            2.35
                        ],
                        [
                            274000.0,
                            2.4
                        ],
                        [
                            370000.0,
                            2.5
                        ],
                        [
                            475000.0,
                            2.6
                        ],
                        [
                            570000.0,
                            2.7
                        ],
                        [
                            665000.0,
                            2.8
                        ]
                    ]
                },
                "Brm20": 0,
                "Hc": 0,
                "Wlam": 0.0005,
                "__class__": "MatMagnetics",
                "alpha_Br": 0,
                "mur_lin": 2500.0
            },
            "name": "M400-50A",
            "path": "M400-50A.json",
            "struct": {
                "Ex": 215000000000.0,
                "Ey": 215000000000.0,
                "Ez": 80000000000.0,
                "Gxy": 0.0,
                "Gxz": 2000000000.0,
                "Gyz": 2000000000.0,
                "__class__": "MatStructural",
                "nu_xy": 0.3,
                "nu_xz": 0.03,
                "nu_yz": 0.03,
                "rho": 7650.0
            }
        },
        "notch": [],
        "ring_mat": {
            "HT": {
                "Cp": 381.0,
                "__class__": "MatHT",
                "alpha": 0.003,
                "lambda_x": 385.0,
                "lambda_y": 385.0,
                "lambda_z": 385.0
            },
            "__class__": "Material",
            "desc": "COPPER WINDING",
            "eco": {
                "__class__": "MatEconomical",
                "cost_unit": 60.0,
                "unit_name": "$"
            },
            "elec": {
                "__class__": "MatElectrical",
                "alpha": 1,
                "epsr": null,
                "rho": 2.2e-08
            },
            "is_isotropic": true,
            "mag": {
                "BH_curve": {
                    "__class__": "ImportMatrix",
                    "is_transpose": false
                },
                "Brm20": 0,
                "Hc": 0,
                "Wlam": 0,
                "__class__": "MatMagnetics",
                "alpha_Br": 0.0,
                "mur_lin": 1
            },
            "name": "Copper2",
            "path": "Copper2.json",
            "struct": {
                "Ex": 115000000000.0,
                "Ey": 115000000000.0,
                "Ez": 115000000000.0,
                "Gxy": null,
                "Gxz": null,
                "Gyz": null,
                "__class__": "MatStructural",
                "nu_xy": null,
                "nu_xz": null,
                "nu_yz": null,
                "rho": 8900.0
            }
        },
        "slot": {
            "H0": 0.007,
            "H2": 0.0216,
            "R1": 1e-05,
            "W0": 0.002,
            "W3": 0.0035,
            "Zs": 74,
            "__class__": "SlotW16"
        },
        "winding": {
            "Lewout": 0.017,
            "Npcpp": null,
            "Nslot_shift_wind": null,
            "Ntcoil": null,
            "__class__": "WindingSC",
            "conductor": {
                "Sbar": 3.56545621726402e-05,
                "__class__": "CondType22",
                "cond_mat": {
                    "HT": {
                        "Cp": 381.0,
                        "__class__": "MatHT",
                        "alpha": 0.003,
                        "lambda_x": 385.0,
                        "lambda_y": 385.0,
                        "lambda_z": 385.0
                    },
                    "__class__": "Material",
                    "desc": "COPPER WINDING",
                    "eco": {
                        "__class__": "MatEconomical",
                        "cost_unit": 60.0,
                        "unit_name": "$"
                    },
                    "elec": {
                        "__class__": "MatElectrical",
                        "alpha": 1,
                        "epsr": null,
                        "rho": 2.2e-08
                    },
                    "is_isotropic": true,
                    "mag": {
                        "BH_curve": {
                            "__class__": "ImportMatrix",
                            "is_transpose": false
                        },
                        "Brm20": 0,
                        "Hc": 0,
                        "Wlam": 0,
                        "__class__": "MatMagnetics",
                        "alpha_Br": 0.0,
                        "mur_lin": 1
                    },
                    "name": "Copper2",
                    "path": "Copper2.json",
                    "struct": {
                        "Ex": 115000000000.0,
                        "Ey": 115000000000.0,
                        "Ez": 115000000000.0,
                        "Gxy": null,
                        "Gxz": null,
                        "Gyz": null,
                        "__class__": "MatStructural",
                        "nu_xy": null,
                        "nu_xz": null,
                        "nu_yz": null,
                        "rho": 8900.0
                    }
                },
                "ins_mat": {
                    "HT": {
                        "Cp": null,
                        "__class__": "MatHT",
                        "alpha": null,
                        "lambda_x": null,
                        "lambda_y": null,
                        "lambda_z": null
                    },
                    "__class__": "Material",
                    "desc": null,
                    "eco": {
                        "__class__": "MatEconomical",
                        "cost_unit": null,
                        "unit_name": null
                    },
                    "elec": {
                        "__class__": "MatElectrical",
                        "alpha": null,
                        "epsr": null,
                        "rho": null
                    },
                    "is_isotropic": null,
                    "mag": {
                        "BH_curve": {
                            "__class__": "ImportMatrix",
                            "is_transpose": null
                        },
                        "Brm20": null,
                        "Hc": null,
                        "Wlam": null,
                        "__class__": "MatMagnetics",
                        "alpha_Br": null,
                        "mur_lin": null
                    },
                    "name": null,
                    "path": null,
                    "struct": {
                        "Ex": null,
                        "Ey": null,
                        "Ez": null,
                        "Gxy": null,
                        "Gxz": null,
                        "Gyz": null,
                        "__class__": "MatStructural",
                        "nu_xy": null,
                        "nu_xz": null,
                        "nu_yz": null,
                        "rho": null
                    }
                }
            },
            "is_reverse_wind": null,
            "p": 2,
            "qs": null,
            "type_connection": null
        }
    },
    "shaft": {
        "Drsh": 0.05,
        "Lshaft": null,
        "__class__": "Shaft",
        "mat_type": {
            "HT": {
                "Cp": 1,
                "__class__": "MatHT",
                "alpha": 0.00393,
                "lambda_x": 1,
                "lambda_y": 1,
                "lambda_z": 1
            },
            "__class__": "Material",
            "desc": "Lamination M400-50A",
            "eco": {
                "__class__": "MatEconomical",
                "cost_unit": 0.127,
                "unit_name": "$"
            },
            "elec": {
                "__class__": "MatElectrical",
                "alpha": 1,
                "epsr": 1,
                "rho": 1
            },
            "is_isotropic": false,
            "mag": {
                "BH_curve": {
                    "__class__": "ImportMatrixVal",
                    "is_transpose": false,
                    "value": [
                        [
                            0.0,
                            0.0
                        ],
                        [
                            100.0,
                            0.5
                        ],
                        [
                            150.0,
                            0.7
                        ],
                        [
                            180.0,
                            0.8
                        ],
                        [
                            200.0,
                            0.9
                        ],
                        [
                            250.0,
                            1.0
                        ],
                        [
                            300.0,
                            1.05
                        ],
                        [
                            350.0,
                            1.1
                        ],
                        [
                            450.0,
                            1.15
                        ],
                        [
                            550.0,
                            1.2
                        ],
                        [
                            650.0,
                            1.225
                        ],
                        [
                            750.0,
                            1.25
                        ],
                        [
                            850.0,
                            1.275
                        ],
                        [
                            950.0,
                            1.3
                        ],
                        [
                            1100.0,
                            1.325
                        ],
                        [
                            1250.0,
                            1.35
                        ],
                        [
                            1400.0,
                            1.375
                        ],
                        [
                            1550.0,
                            1.4
                        ],
                        [
                            1700.0,
                            1.425
                        ],
                        [
                            1900.0,
                            1.45
                        ],
                        [
                            2150.0,
                            1.475
                        ],
                        [
                            2450.0,
                            1.5
                        ],
                        [
                            2750.0,
                            1.525
                        ],
                        [
                            3150.0,
                            1.55
                        ],
                        [
                            3600.0,
                            1.575
                        ],
                        [
                            4100.0,
                            1.6
                        ],
                        [
                            4700.0,
                            1.625
                        ],
                        [
                            5250.0,
                            1.65
                        ],
                        [
                            6000.0,
                            1.675
                        ],
                        [
                            6700.0,
                            1.7
                        ],
                        [
                            7500.0,
                            1.725
                        ],
                        [
                            8650.0,
                            1.75
                        ],
                        [
                            9500.0,
                            1.775
                        ],
                        [
                            10750.0,
                            1.8
                        ],
                        [
                            14500.0,
                            1.85
                        ],
                        [
                            19500.0,
                            1.9
                        ],
                        [
                            25000.0,
                            1.95
                        ],
                        [
                            33000.0,
                            2.0
                        ],
                        [
                            44000.0,
                            2.05
                        ],
                        [
                            57000.0,
                            2.1
                        ],
                        [
                            74000.0,
                            2.15
                        ],
                        [
                            96000.0,
                            2.2
                        ],
                        [
                            130000.0,
                            2.25
                        ],
                        [
                            170000.0,
                            2.3
                        ],
                        [
                            235000.0,
                            2.35
                        ],
                        [
                            274000.0,
                            2.4
                        ],
                        [
                            370000.0,
                            2.5
                        ],
                        [
                            475000.0,
                            2.6
                        ],
                        [
                            570000.0,
                            2.7
                        ],
                        [
                            665000.0,
                            2.8
                        ]
                    ]
                },
                "Brm20": 0,
                "Hc": 0,
                "Wlam": 0.0005,
                "__class__": "MatMagnetics",
                "alpha_Br": 0,
                "mur_lin": 2500.0
            },
            "name": "M400-50A",
            "path": "M400-50A.json",
            "struct": {
                "Ex": 215000000000.0,
                "Ey": 215000000000.0,
                "Ez": 80000000000.0,
                "Gxy": 0.0,
                "Gxz": 2000000000.0,
                "Gyz": 2000000000.0,
                "__class__": "MatStructural",
                "nu_xy": 0.3,
                "nu_xz": 0.03,
                "nu_yz": 0.03,
                "rho": 7650.0
            }
        }
    },
    "stator": {
        "Kf1": 0.95,
        "Ksfill": null,
        "L1": 0.152,
        "Nrvd": null,
        "Rext": 0.127,
        "Rint": 0.0785,
        "Wrvd": null,
        "__class__": "LamSlotWind",
        "axial_vent": [],
        "is_internal": false,
        "is_stator": true,
        "mat_type": {
            "HT": {
                "Cp": 1,
                "__class__": "MatHT",
                "alpha": 0.00393,
                "lambda_x": 1,
                "lambda_y": 1,
                "lambda_z": 1
            },
            "__class__": "Material",
            "desc": "Lamination M400-50A",
            "eco": {
                "__class__": "MatEconomical",
                "cost_unit": 0.127,
                "unit_name": "$"
            },
            "elec": {
                "__class__": "MatElectrical",
                "alpha": 1,
                "epsr": 1,
                "rho": 1
            },
            "is_isotropic": false,
            "mag": {
                "BH_curve": {
                    "__class__": "ImportMatrixVal",
                    "is_transpose": false,
                    "value": [
                        [
                            0.0,
                            0.0
                        ],
                        [
                            100.0,
                            0.5
                        ],
                        [
                            150.0,
                            0.7
                        ],
                        [
                            180.0,
                            0.8
                        ],
                        [
                            200.0,
                            0.9
                        ],
                        [
                            250.0,
                            1.0
                        ],
                        [
                            300.0,
                            1.05
                        ],
                        [
                            350.0,
                            1.1
                        ],
                        [
                            450.0,
                            1.15
                        ],
                        [
                            550.0,
                            1.2
                        ],
                        [
                            650.0,
                            1.225
                        ],
                        [
                            750.0,
                            1.25
                        ],
                        [
                            850.0,
                            1.275
                        ],
                        [
                            950.0,
                            1.3
                        ],
                        [
                            1100.0,
                            1.325
                        ],
                        [
                            1250.0,
                            1.35
                        ],
                        [
                            1400.0,
                            1.375
                        ],
                        [
                            1550.0,
                            1.4
                        ],
                        [
                            1700.0,
                            1.425
                        ],
                        [
                            1900.0,
                            1.45
                        ],
                        [
                            2150.0,
                            1.475
                        ],
                        [
                            2450.0,
                            1.5
                        ],
                        [
                            2750.0,
                            1.525
                        ],
                        [
                            3150.0,
                            1.55
                        ],
                        [
                            3600.0,
                            1.575
                        ],
                        [
                            4100.0,
                            1.6
                        ],
                        [
                            4700.0,
                            1.625
                        ],
                        [
                            5250.0,
                            1.65
                        ],
                        [
                            6000.0,
                            1.675
                        ],
                        [
                            6700.0,
                            1.7
                        ],
                        [
                            7500.0,
                            1.725
                        ],
                        [
                            8650.0,
                            1.75
                        ],
                        [
                            9500.0,
                            1.775
                        ],
                        [
                            10750.0,
                            1.8
                        ],
                        [
                            14500.0,
                            1.85
                        ],
                        [
                            19500.0,
                            1.9
                        ],
                        [
                            25000.0,
                            1.95
                        ],
                        [
                            33000.0,
                            2.0
                        ],
                        [
                            44000.0,
                            2.05
                        ],
                        [
                            57000.0,
                            2.1
                        ],
                        [
                            74000.0,
                            2.15
                        ],
                        [
                            96000.0,
                            2.2
                        ],
                        [
                            130000.0,
                            2.25
                        ],
                        [
                            170000.0,
                            2.3
                        ],
                        [
                            235000.0,
                            2.35
                        ],
                        [
                            274000.0,
                            2.4
                        ],
                        [
                            370000.0,
                            2.5
                        ],
                        [
                            475000.0,
                            2.6
                        ],
                        [
                            570000.0,
                            2.7
                        ],
                        [
                            665000.0,
                            2.8
                        ]
                    ]
                },
                "Brm20": 0,
                "Hc": 0,
                "Wlam": 0.0005,
                "__class__": "MatMagnetics",
                "alpha_Br": 0,
                "mur_lin": 2500.0
            },
            "name": "M400-50A",
            "path": "M400-50A.json",
            "struct": {
                "Ex": 215000000000.0,
                "Ey": 215000000000.0,
                "Ez": 80000000000.0,
                "Gxy": 0.0,
                "Gxz": 2000000000.0,
                "Gyz": 2000000000.0,
                "__class__": "MatStructural",
                "nu_xy": 0.3,
                "nu_xz": 0.03,
                "nu_yz": 0.03,
                "rho": 7650.0
            }
        },
        "notch": [],
        "slot": {
            "H0": 0.0005,
            "H1": 0.0005,
            "H2": 0.019,
            "R1": 0.0005,
            "R2": 0.0005,
            "W0": 0.0029,
            "W3": 0.004,
            "Zs": 60,
            "__class__": "SlotW15"
        },
        "winding": {
            "Lewout": null,
            "Npcpp": 2,
            "Nslot_shift_wind": 0,
            "Ntcoil": 1,
            "__class__": "WindingDW2L",
            "coil_pitch": 14,
            "conductor": {
                "Kwoh": null,
                "Nwppc": 26,
                "Wins_cond": 0.0,
                "Wins_wire": 1e-06,
                "Wwire": 0.00108,
                "__class__": "CondType12",
                "cond_mat": {
                    "HT": {
                        "Cp": 381.0,
                        "__class__": "MatHT",
                        "alpha": 0.00393,
                        "lambda_x": 385.0,
                        "lambda_y": 385.0,
                        "lambda_z": 385.0
                    },
                    "__class__": "Material",
                    "desc": "COPPER WINDING",
                    "eco": {
                        "__class__": "MatEconomical",
                        "cost_unit": 60.0,
                        "unit_name": "$"
                    },
                    "elec": {
                        "__class__": "MatElectrical",
                        "alpha": 1,
                        "epsr": null,
                        "rho": 1.73e-08
                    },
                    "is_isotropic": true,
                    "mag": null,
                    "name": "Copper1",
                    "path": "Copper1.json",
                    "struct": {
                        "Ex": 115000000000.0,
                        "Ey": 115000000000.0,
                        "Ez": 115000000000.0,
                        "Gxy": null,
                        "Gxz": null,
                        "Gyz": null,
                        "__class__": "MatStructural",
                        "nu_xy": null,
                        "nu_xz": null,
                        "nu_yz": null,
                        "rho": 8900.0
                    }
                },
                "ins_mat": {
                    "HT": {
                        "Cp": 671.0,
                        "__class__": "MatHT",
                        "alpha": null,
                        "lambda_x": 0.2,
                        "lambda_y": 0.2,
                        "lambda_z": 0.2
                    },
                    "__class__": "Material",
                    "desc": "INSULATOR1",
                    "eco": {
                        "__class__": "MatEconomical",
                        "cost_unit": null,
                        "unit_name": "$"
                    },
                    "elec": {
                        "__class__": "MatElectrical",
                        "alpha": 1,
                        "epsr": null,
                        "rho": null
                    },
                    "is_isotropic": true,
                    "mag": null,
                    "name": "Insulator1",
                    "path": "Insulator1.json",
                    "struct": {
                        "Ex": null,
                        "Ey": null,
                        "Ez": null,
                        "Gxy": null,
                        "Gxz": null,
                        "Gyz": null,
                        "__class__": "MatStructural",
                        "nu_xy": null,
                        "nu_xz": null,
                        "nu_yz": null,
                        "rho": 1200.0
                    }
                }
            },
            "is_reverse_wind": false,
            "p": 2,
            "qs": 3,
            "type_connection": null
        }
    },
    "type_machine": 1
}