{
    "HT": {
        "Cp": 1007,
        "__class__": "MatHT",
        "alpha": 0.00343,
        "lambda_x": 0.0257,
        "lambda_y": 0.0257,
        "lambda_z": 0.0257
    },
    "__class__": "Material",
    "desc": "Air",
    "eco": {
        "__class__": "MatEconomical",
        "cost_unit": 0.127,
        "unit_name": "$"
    },
    "elec": {
        "__class__": "MatElectrical",
        "alpha": 1,
        "epsr": 1,
        "rho": 1
    },
    "is_isotropic": true,
    "mag": {
        "BH_curve": {
            "__class__": "ImportMatrix",
            "is_transpose": false
        },
        "Brm20": 0,
        "Hc": 0,
        "Wlam": 0,
        "__class__": "MatMagnetics",
        "alpha_Br": 0,
        "mur_lin": 1
    },
    "name": "Air",
    "path": "Air.json",
    "struct": {
        "Ex": 215000000000.0,
        "Ey": 215000000000.0,
        "Ez": 80000000000,
        "Gxy": 0,
        "Gxz": 2000000000,
        "Gyz": 2000000000,
        "__class__": "MatStructural",
        "nu_xy": 0.3,
        "nu_xz": 0.03,
        "nu_yz": 0.03,
        "rho": 1.2044
    }
}