{
    "HT": {
        "Cp": 1,
        "__class__": "MatHT",
        "alpha": 0.00393,
        "lambda_x": 1,
        "lambda_y": 1,
        "lambda_z": 1
    },
    "__class__": "Material",
    "desc": "Lamination M400-50A",
    "eco": {
        "__class__": "MatEconomical",
        "cost_unit": 0.127,
        "unit_name": "$"
    },
    "elec": {
        "__class__": "MatElectrical",
        "alpha": 1,
        "epsr": 1,
        "rho": 1
    },
    "is_isotropic": false,
    "mag": {
        "BH_curve": {
            "__class__": "ImportMatrixVal",
            "is_transpose": false,
            "value": [
                [
                    0.0,
                    0.0
                ],
                [
                    100.0,
                    0.5
                ],
                [
                    150.0,
                    0.7
                ],
                [
                    180.0,
                    0.8
                ],
                [
                    200.0,
                    0.9
                ],
                [
                    250.0,
                    1.0
                ],
                [
                    300.0,
                    1.05
                ],
                [
                    350.0,
                    1.1
                ],
                [
                    450.0,
                    1.15
                ],
                [
                    550.0,
                    1.2
                ],
                [
                    650.0,
                    1.225
                ],
                [
                    750.0,
                    1.25
                ],
                [
                    850.0,
                    1.275
                ],
                [
                    950.0,
                    1.3
                ],
                [
                    1100.0,
                    1.325
                ],
                [
                    1250.0,
                    1.35
                ],
                [
                    1400.0,
                    1.375
                ],
                [
                    1550.0,
                    1.4
                ],
                [
                    1700.0,
                    1.425
                ],
                [
                    1900.0,
                    1.45
                ],
                [
                    2150.0,
                    1.475
                ],
                [
                    2450.0,
                    1.5
                ],
                [
                    2750.0,
                    1.525
                ],
                [
                    3150.0,
                    1.55
                ],
                [
                    3600.0,
                    1.575
                ],
                [
                    4100.0,
                    1.6
                ],
                [
                    4700.0,
                    1.625
                ],
                [
                    5250.0,
                    1.65
                ],
                [
                    6000.0,
                    1.675
                ],
                [
                    6700.0,
                    1.7
                ],
                [
                    7500.0,
                    1.725
                ],
                [
                    8650.0,
                    1.75
                ],
                [
                    9500.0,
                    1.775
                ],
                [
                    10750.0,
                    1.8
                ],
                [
                    14500.0,
                    1.85
                ],
                [
                    19500.0,
                    1.9
                ],
                [
                    25000.0,
                    1.95
                ],
                [
                    33000.0,
                    2.0
                ],
                [
                    44000.0,
                    2.05
                ],
                [
                    57000.0,
                    2.1
                ],
                [
                    74000.0,
                    2.15
                ],
                [
                    96000.0,
                    2.2
                ],
                [
                    130000.0,
                    2.25
                ],
                [
                    170000.0,
                    2.3
                ],
                [
                    235000.0,
                    2.35
                ],
                [
                    274000.0,
                    2.4
                ],
                [
                    370000.0,
                    2.5
                ],
                [
                    475000.0,
                    2.6
                ],
                [
                    570000.0,
                    2.7
                ],
                [
                    665000.0,
                    2.8
                ]
            ]
        },
        "Brm20": 0,
        "Hc": 0,
        "Wlam": 0.0005,
        "__class__": "MatMagnetics",
        "alpha_Br": 0,
        "mur_lin": 2500.0
    },
    "name": "M400-50A",
    "path": "",
    "struct": {
        "Ex": 215000000000.0,
        "Ey": 215000000000.0,
        "Ez": 80000000000.0,
        "Gxy": 0.0,
        "Gxz": 2000000000.0,
        "Gyz": 2000000000.0,
        "__class__": "MatStructural",
        "nu_xy": 0.3,
        "nu_xz": 0.03,
        "nu_yz": 0.03,
        "rho": 7650.0
    }
}